product,week01,week02,week03,week04,week05,week06,week07,week08,week09,week10,week11,week12,week13,week14,week15,week16,week17,week18,week19,week20,week21,week22,week23,week24,week25,week26,week27,week28,week29,week30,week31,week32,week33,week34,week35,week36,week37,week38,week39,week40,week41,week42,week43,week44,week45,week46,week47,week48,week49,week50,week51,week52
P1,0.44,0.5,0.39,0.28,0.56,0.5,0.61,1,0.17,0.61,0.44,0.61,0.72,0.33,0.33,0.33,0.61,0.33,0,0.5,0.11,0.44,0.22,0.5,0.11,0.33,0.22,0.39,0.11,0.44,0.22,0.39,0.5,0.17,0.11,0.61,0.39,0.33,0.5,0.78,0.22,0.44,0.06,0.22,0.28,0.39,0.5,0,0.22,0.17,0.11,0.39
P3,0.36,0.73,0.45,0.55,0.64,0.45,0.36,0.91,0.82,0.27,1,0.55,0.09,0.36,0.82,0.45,0.36,0.73,0.64,0.36,0.36,0.91,0.73,0.45,0.64,0.45,1,0.18,0,0.91,0.73,0.55,0.36,0.45,0.36,0.55,0.27,0.82,0.82,0.55,0,0.18,0.27,1,0.18,0.18,0.36,0.45,1,0.45,0.45,0.36
P4,0.59,0.35,0.65,0.18,0.41,0.24,0.41,0.65,0.65,0.53,0.35,0.12,0.18,0.12,0.76,0.29,0.53,0.41,0.76,0.12,0.24,0.29,0.53,0.29,0.41,0.24,0.47,0.47,0,0.24,0.29,0,0.18,0.59,0.18,1,0.35,0.24,0.35,0.35,0.59,0.24,0.41,0.47,0.06,0.12,0.24,0.35,0.71,0.35,0.29,0.35
P5,0.33,0.13,0.67,0.53,0.2,0.27,0.4,0.73,0.4,0.4,0.53,1,0.33,0.07,0.67,0.33,0.47,0.8,0.2,0.67,0.53,0.2,0.47,0.4,0.33,0.6,0.33,0.4,0.67,0,0.13,0,0.13,0.13,0.4,0.27,0.07,0.33,0.33,0.13,0.13,0.33,0.27,0.53,0.27,0.6,0.2,0.2,0.13,0.53,0.33,0.4
P8,0.42,0.25,0.58,0.5,0.25,0.42,0.33,0.17,0.58,0.58,0.42,0.42,1,0.5,0.17,0.67,0.58,0.33,0.83,0.5,0.75,0.67,0.17,0.67,0.67,0.75,0,0.58,0.75,0.5,0.5,0.58,0.42,0.5,0.42,0.5,1,0.25,0.33,0.42,0,0.5,0.58,0.92,0.08,0.42,0.42,0.25,0.33,0.08,0.5,0.5
P9,0.73,0.4,0.47,0.27,0.53,0.8,0.6,0.27,0.67,0.6,0.8,0.8,0.87,0.47,0.4,0.4,0.67,0.33,0.47,1,1,0.93,0.47,0.87,0.73,0.47,0.07,0.27,0.27,0.47,0,0.67,0.4,0.27,0.4,0.33,0.27,0.4,0.8,0.33,0.4,0.33,0.53,0.13,0.67,0,0.27,0.27,0.47,0.6,0.27,0.67
P10,0.54,0.42,0.42,0.83,0.46,0.29,0.71,0.46,0.63,0.46,0.92,0.54,0.58,0.42,0.25,0.42,0.54,0.58,0.46,1,0.29,0.58,0.58,0.29,0.67,0.75,0.13,0.25,0.25,0.08,0.21,0.83,0.58,0.13,0.29,0,0.58,0.54,0.25,0.38,0.17,0.33,0.21,0.33,0.08,0.63,0.17,0.29,0.38,0.58,0.38,0.46
P11,0.63,0.13,0.63,0.56,0.75,0.13,0.31,0.69,0.38,0.19,0.19,0.31,0.31,0.44,0.31,0.69,0.5,0.31,0.5,0.5,0.81,0.44,0.63,0.25,0.19,0,0.38,0.19,0.25,0.31,0.13,0.44,0.44,0.25,0.69,0.38,0.44,0.31,0.06,0.88,0.06,0.44,0.38,0.69,0.44,0.38,0.5,0.19,0.75,0.31,0.31,1
P14,0.5,0.41,0.27,0.36,0.45,0.41,0.23,0.41,0.45,0.32,0.32,0.64,0.5,0.5,1,0.68,0.45,0.86,0.41,0.82,0.55,0.64,0.36,0.55,0.41,0.64,0.36,0.09,0.18,0.18,0.23,0.27,0.09,0.36,0.27,0.23,0.45,0.41,0.18,0.23,0.41,0.18,0.5,0.14,0,0.27,0.55,0.23,0.36,0.45,0.41,0.68
P15,0,0.79,0.85,0.7,0.3,0.76,0.73,0.52,0.18,1,0.61,0.7,0.73,0.7,0.73,0.97,0.64,0.76,0.33,0.61,0.61,0.52,0.39,0.61,0.33,0.09,0.18,0.45,0.27,0.3,0.15,0.3,0.18,0.58,0.64,0.52,0.7,0.09,0.42,0.33,0.06,0.36,0.58,0.48,0.42,0.33,0.55,0.33,0.33,0.45,0.58,0.03
P16,0.25,0.16,0.16,0.66,0.22,0.31,0.84,0.59,0.84,0.5,0.63,0.25,0.66,0.66,1,0.81,0.38,0.44,0.69,0.66,0.69,0.19,0.41,0.22,0.66,0.25,0.16,0.25,0.22,0.41,0.63,0.53,0.5,0.5,0.5,0.38,0.31,0.28,0.34,0.31,0.44,0.38,0.56,0.25,0.34,0.53,0.63,0.72,0.28,0.28,0.03,0
P17,0.91,0.66,0.66,0.31,0.66,0.86,0.77,0.8,0.63,0.46,0.63,0.57,0.46,1,0.34,0.8,0.49,0.74,0.66,0.94,0.34,0.54,0.43,0.31,0.51,0.37,0.14,0.17,0.09,0,0.2,0.26,0.09,0.37,0.31,0.51,0.69,0.34,0.51,0.37,0.66,0.31,0.54,0.4,0.54,0.51,0.74,0.31,0.37,0.37,0.26,0.23
P18,0.71,0.64,0.68,0.64,0.68,0.46,0.29,0.86,0.57,0.57,0.11,0.64,0.64,0.75,0.82,0.25,0.64,0.39,0.82,0.43,0.54,0.64,1,0.64,0.36,0.04,0,0.07,0.14,0.11,0.39,0.11,0.46,0.39,0.68,0.36,0.36,0.5,0.39,0.04,0.04,0.68,0.36,0.32,0.32,0.75,0.54,0.07,0.29,0.32,0.32,0.11
P19,0.24,0.41,0.9,0.59,0.41,0.31,0.31,0.52,0.79,0.72,0.83,0.55,0.38,0.48,0.72,0.9,1,0.55,0.38,0.34,0.69,0.76,0.38,0.52,0.31,0.1,0.41,0.34,0.38,0.52,0.24,0.31,0.45,0.41,0.28,0.72,0.48,0.52,0.41,0,1,0.07,0.41,0,0.17,0.45,0.59,0.38,0.48,0.34,0.28,0.34
P20,0.73,1,0.6,0.53,0.33,0.6,1,0.4,0.67,0.53,0.4,0.47,0.4,0.53,0.53,0.73,0.6,0.53,0.33,0.4,0.4,0.4,0.47,0.33,0.53,0.4,0.4,0.47,0.4,0.47,0.33,0.33,0.2,0.2,0.13,0.2,0.4,0.4,0.47,0.4,0.47,0.47,0.33,0.4,0.4,0.47,1,0,0.47,0.27,0.67,0.47
P21,0.75,0.17,0.5,0.42,0.5,0.25,0.58,0.83,0.25,0.75,0.83,0.58,1,0.75,0.42,0.75,0.75,0.5,0.75,0.42,0.5,0.83,0.58,0.33,0.5,0.08,0.67,0,0,0,0.33,0.25,0.5,0.5,0.92,0.58,0.33,0.33,0.33,0.42,0.33,0.42,0.83,0.17,0.42,0.58,0.58,0.67,0.67,0.75,0.17,0.17
P22,0.41,0.76,0.41,0.47,0.94,0.29,0.94,0.82,0.59,0.71,0.47,1,0.24,0.41,0.65,0.29,0.94,0.47,0.53,0.29,0.47,0.94,0.53,0.47,0.47,0,0.18,0.18,0.53,0.47,0.47,0.24,0.24,0.35,0.53,0.59,0.41,0.41,0.59,0.53,0.47,0.29,0.35,0.12,0.35,0.65,0.59,0.82,0.71,0.18,0.59,0.24
P24,0.56,0.72,0.33,0.49,0.67,0.87,0.62,0.64,0.69,0.64,0.77,0.54,1,0.97,0.74,0.79,0.69,0.72,0.74,0.31,0.54,0.38,0.87,0.26,0.49,0.51,0.23,0.26,0.31,0.36,0.46,0.51,0.62,0.67,0.46,0.44,0.92,0.56,0.74,0.72,0.46,0.46,0.62,0.56,0.64,0.46,0.44,0.64,0.23,0.67,0.46,0
P25,0.24,0.31,0.48,0.45,0.03,0.48,0.79,0.34,0.17,0.45,0.9,0.76,0.55,0.69,0.45,0.59,0.41,0.45,1,0.24,0.52,0.38,0.59,0.41,0.52,0,0,0.28,0.31,0.45,0.07,0.17,0.52,0.24,0.66,0.45,0.24,0.1,0.28,0.45,0.62,0.34,0.45,0.28,0.72,0.48,0.34,0.55,0.38,0.34,0.21,0.03
P26,0.61,0.61,0.33,0.28,0.33,0.22,0.33,0.44,0.39,0.61,0.72,0.22,0.67,0.28,0.83,0.28,0.44,0.5,0.33,0.67,0.72,0.94,0.22,0.39,0.5,0.33,0.33,0.33,0.11,0.28,0.39,0.39,0.39,0.22,0.17,0.17,0.44,0.22,0.39,0.28,0.39,0.11,0.67,0.11,0.33,0,0.56,0.33,0.39,0.44,0.39,1
P27,0.74,0.42,0.39,0.58,0.42,0.29,0.84,0.19,0.77,0.58,0.84,0.58,0.45,0.84,0.26,0.77,1,0.55,0.97,0.55,0.65,0,0.39,0.39,0.13,0.19,0.35,0.68,0.16,0.39,0.16,0.16,0.35,0.32,0.16,0.55,0.81,0.23,0.29,0.32,0.65,0,0.61,0.39,0.35,0.16,0.16,0.26,0.74,0.29,0.42,0.23
P28,0.55,0.45,0.64,0.86,0.41,0.41,0.45,0.32,0.95,0.5,0.68,1,0.68,0.23,0.64,0.73,0.09,0.64,0.36,0.45,0.32,0.82,0.86,0.64,0.5,0,0.27,0.05,0.59,0.64,0.5,0.45,0.09,0.41,0,0.5,0.68,0.55,0.5,0.32,0.64,0.5,0.45,0.59,0.86,0.55,0.32,0.36,0.23,0.18,0.55,0.14
P29,0.43,0.29,0.38,0.62,0.62,0.33,0.52,0.57,0.29,0.38,0.67,0.1,0.48,0.38,0.33,0.29,0.71,1,0.24,0.62,0.38,0.52,0.57,0.33,0.48,0.52,0,0.43,0.38,0.29,0.14,0.29,0.14,0.71,0.29,0.05,0.48,0.14,0.33,0.29,0.33,0.48,0.29,0.43,0.1,0.24,0.05,0.38,0.52,0.33,0.29,0.57
P30,1,0.67,0.97,0.6,0.63,0.67,0.9,0.4,0.33,0.57,1,0.87,0.83,0.87,0.7,0.73,0.8,0.63,0.43,0.5,0.9,0.43,0.77,0.63,0.63,0.13,0,0.43,0.73,0.4,0.27,0.43,0.6,0.07,0.43,0.5,0.3,0.83,0.67,0.37,0.33,0.8,0.07,0.53,0.63,0.77,0.53,0.43,0.23,0.4,0.07,0.17
P31,0.38,1,0.31,0.38,0.5,0.38,0.63,0.56,0.75,0.5,0.19,0.88,0.56,0.38,0.56,0.5,0.63,0.44,0.81,0.5,0.56,0.13,0.13,0,0.44,0.56,0.25,0.31,0.81,0.5,0.69,0.44,0.5,0.25,0.56,0.31,0.81,0.56,0.31,0.69,0.63,0.63,0.44,0.25,0.38,0.5,0.13,0.5,0.31,0.44,0.19,0.38
P32,0.92,0.77,0.54,0.08,0.77,0.31,0.54,0.69,0.62,0.92,0.15,0.92,0.38,0.54,0.31,1,0.62,0.54,0.31,0.62,0.23,0.38,0.15,0,0.69,0.54,0.46,0.46,0.23,0.31,0.77,0.31,0.69,0.92,0.31,0.23,0.46,0.23,0.23,0.46,0.62,0.15,0.15,0.62,0.69,0.38,0.69,0.62,0.08,0.23,0.23,0.31
P33,0.73,0.53,0.47,0.87,0.4,0.93,0.47,0.8,0.27,0.13,0.47,0.4,0.93,0.4,0.67,0.6,0.6,0.53,0.67,0.4,0.4,0.47,0.67,0.47,0.4,0.87,0.27,0.6,0.13,0.8,0.33,0,0.53,0.4,1,0.33,0.2,0.07,0.4,0.27,0.47,0.07,0.47,0.6,0.47,0.47,0.47,0.67,0.73,0.8,0.87,0.47
P34,0.75,0.59,0.03,1,0.59,0,0.56,0.88,0.69,0.19,0.88,0.53,0.16,0.78,0.38,0.53,0.47,0.41,0.94,0.47,0.5,0.56,0.25,0.63,0.31,0.22,0.13,0.44,0.34,0.44,0.47,0.5,0,0.31,0.56,0.47,0.16,0.38,0.31,0.31,0.38,0.34,0.19,0.06,0.47,0.72,0.72,0.34,0.34,0.69,0.56,0.09
P35,0.4,0.52,0.08,0.12,1,0.96,0.48,0.4,0.16,0.68,0.68,0.44,0.2,0.72,0.68,0.28,0.56,0.12,0.48,0.48,0.6,0.72,0.44,0.56,0.44,0,0.32,0.32,0.68,0.36,0.32,0.2,0.84,0.08,0.08,0.44,0.4,0.64,0.36,0.72,0.44,0.52,0.76,0.36,0.16,0.04,0.28,0.8,0,0.04,0.76,0.16
P36,0.52,0.31,0.48,0.62,0.45,0.5,0.48,0.48,0.19,0.69,0.67,0.38,1,0.36,0.43,0.67,0.26,0.64,0.52,0.62,0.45,0.48,0.48,0.36,0.43,0.12,0.38,0.07,0.48,0.48,0.31,0.5,0.36,0.1,0.05,0.48,0.14,0.07,0.36,0.33,0.45,0.29,0.17,0.43,0.19,0.24,0.74,0.29,0.29,0.21,0.4,0
P37,0.41,0.5,0.62,0.59,0.47,0.44,0.26,0.12,0.41,0.21,0.26,0.41,0.71,0.09,0.85,0.65,0.59,0.88,0.53,1,0.71,0.68,0.47,0.47,0.53,0,0.24,0.15,0.21,0.29,0.38,0.26,0.18,0.38,0.29,0.53,0.32,0.65,0.24,0.24,0.65,0.26,0.38,0.29,0.35,0.53,0.15,0.15,0.24,0.15,0.44,0.21
P38,0.41,0.39,0.56,0.78,1,0.73,0.37,0.78,0.71,0.63,0.8,0.9,0.37,0.32,0.54,0.51,0.27,0.56,0.39,0.54,0.17,0.39,0.24,0.46,0.51,0.02,0.27,0.02,0.24,0,0.34,0.39,0.37,0.49,0.34,0.17,0.22,0.37,0.49,0,0.07,0.17,0.51,0.44,0.41,0.37,0.29,0.2,0.68,0.37,0.1,0.1
P39,0.32,0.03,0.24,0.56,0.97,0.56,0.15,0.32,0.68,0.59,0.62,0.68,0.79,0.44,0.47,0.41,0.44,0.59,1,0.53,0.41,0.41,0.29,0.71,0.38,0.24,0.06,0.12,0.32,0.03,0.62,0.18,0.29,0.71,0.29,0,0.24,0.09,0.65,0.03,0.29,0.29,0.74,0.41,0.24,0.5,0.59,0.29,0.38,0.35,0.38,0.15
P40,0.66,0.17,0.17,1,0.52,0.55,0.9,0.62,0.59,0.62,0.86,0.31,0.9,0.72,0.52,0.79,0.86,0.59,0.97,0.55,0.55,0.76,0.38,0.17,0.59,0.03,0,0.24,0.07,0.48,0.38,0.38,0.34,0.55,0.34,0.28,0.34,0.41,0.66,0.86,0.21,0.14,0.03,0.55,0.48,0.62,0.76,0.59,0.52,0.07,0.17,0
P41,0.52,0.26,0.23,0.77,0.81,0.61,0.68,0.61,0.9,0.94,0.42,0.58,0.52,0.55,1,0.71,1,1,0.58,0.71,0.58,0.97,0.26,0.81,0.23,0.29,0.13,0.1,0.23,0.1,0.26,0.55,0.19,0.55,0.68,0.58,0.32,0.1,0.48,0.42,0.68,0.68,0.42,0.39,0.48,0.42,0.58,0.81,0.68,0.19,0,0.26
P42,0.82,0.36,0.76,0.36,0.52,0.82,0.48,0.67,0.21,0.7,0.55,0.73,0.67,0.91,1,0.48,0.91,0.61,0.48,1,0.48,0.79,0.42,0.76,0.64,0.3,0.33,0.21,0.33,0.67,0.39,0.36,0.48,0.39,0.73,0.27,0.3,0.42,0.27,0.3,0.3,0.58,0.79,0.36,0.73,0.45,0.79,0.39,0.21,0.42,0,0.03
P43,0.2,0.56,0.49,0.56,0.83,0.32,0.46,0.24,0.44,0.44,0.88,0.34,0.41,0.29,0.59,0.66,0.61,0.76,0.32,0.68,1,0.49,0.59,0.51,0.49,0.29,0.15,0.22,0.39,0.2,0.05,0.34,0.02,0.29,0,0.24,0.41,0.34,0.2,0.15,0.51,0.59,0.56,0.46,0.34,0.32,0.51,0.56,0.37,0.24,0.22,0.17
P44,0.53,0.32,0.35,0.59,1,0.35,0.44,0.5,0.53,0.32,0.38,0.5,0.41,0.85,0.56,0.76,0.85,0.62,0.68,0.47,0.71,0.65,0.74,0.71,0.44,0.24,0.44,0.29,0.32,0.21,0.5,0.44,0.5,0.5,0.29,0.09,0.62,0.65,0.65,0.62,0.09,0.5,0.5,0.85,0.38,0.35,0.32,0.47,0.5,0.32,0.38,0
P45,0.63,0.34,0.61,0.47,0.55,0.18,0.45,0.26,0.47,0.66,0.45,0.34,1,0.55,0.55,0.29,0.45,0.61,0.42,0.63,0.79,0.42,0.58,0.26,0.32,0.21,0.29,0.34,0,0.53,0.34,0.29,0.32,0.37,0.34,0.45,0.87,0.16,0.55,0.24,0.32,0.13,0.58,0.13,0.05,0.42,0.66,0.58,0.37,0.32,0.32,0.11
P46,0.33,0.82,0.44,0.62,0.67,0.67,1,0.74,0.79,0.46,0.59,0.46,0.62,0.64,0.36,0.74,0.92,0.64,0.77,0.49,0.54,0.49,0.62,0.31,0.36,0.26,0.18,0.31,0.26,0.49,0.36,0.26,0.26,0.38,0.23,0.41,0.62,0.38,0.23,0.41,0.69,0.41,0.49,0.82,0.41,0.38,0.44,0.46,0.18,0.51,0.44,0
P47,0.54,0.59,0.21,0.23,0.36,0.26,0.36,1,0.46,0.38,0.46,0,0.56,0.46,0.72,0.44,0.28,0.54,0.69,0.18,0.31,0.51,0.82,0.62,0.56,0.03,0.13,0.03,0.51,0.28,0.38,0.13,0.15,0.33,0.23,0.1,0.33,0.18,0.56,0.26,0.36,0.28,0.49,0.51,0.36,0.21,0.36,0.36,0.44,0.28,0.38,0.03
P48,0.34,0.97,0.66,0.46,0.74,0.31,0.34,0.69,0.51,0.8,0.74,0.69,0.37,0.43,0.97,0.94,0.8,0.49,0.57,0.66,0.49,0.51,0.63,1,0.29,0.06,0.74,0.4,0.06,0.31,0.37,0.37,0.43,0.6,0.46,0.37,0.31,0,0.49,0.6,0.4,0.54,0.54,0.14,0.6,0.49,0.46,0.77,0.17,0.4,0.51,0.29
P49,0.57,0.25,0.75,0.61,0.57,0.5,0.75,0.54,0.32,0.96,0.25,0.64,0.39,0.82,0.54,0.71,0.5,0.64,0.64,0.96,0.39,0.64,0.5,0.64,0.36,0.5,0.36,0.18,0.29,0.54,0.57,0.21,0.18,0.18,0.43,0.64,0.75,0.25,0,0.57,0.39,0.54,0.14,1,0.54,0.21,0.43,0.71,0.57,0.04,0.43,0.07
P50,0.64,0,0.86,0.36,0.64,0.29,0.43,0.5,0.64,0.36,0.71,0.57,0.43,0.43,0.57,0.29,0.64,0.71,0.57,0.5,0.14,0.29,0.21,0.21,0.36,0.14,0.29,0.21,0.64,0.07,0.43,0.5,0.5,0.14,0.29,0.07,0.29,0.5,0.36,0.43,0.21,1,0.21,0.64,0.64,0.5,0.5,0.36,0.14,0.36,0.43,0.43
P51,0.57,0.33,0.48,0.95,0.33,0.52,0.52,0.52,0.33,0.52,0.57,0.48,1,0.86,0.67,0.43,0.81,0.9,0.33,0.52,0.62,0.86,0.62,0.67,0.48,0,0.67,0.57,0.62,0.33,0.62,0.57,0.43,0.24,0.43,0.62,0.86,0.38,0.52,0.52,0.43,0.38,0.57,0.1,0.95,0.33,0.48,0.24,0.43,0.29,0.57,0
P52,0.72,0.86,0.62,1,0.31,0.72,0.55,0.45,0.76,0.59,0.86,0.69,0.41,0.45,0.83,0.69,0.93,0.59,0.41,0.83,0.52,0.41,0.48,0.52,0.45,0.76,0.24,0,0.21,0.31,0.1,0.34,0.07,0.14,0.07,0.66,0.48,0.24,0,0.31,0.52,0.45,0.55,0.76,0.34,0.52,0.59,0.48,0.38,0.72,0.14,0.03
P54,0.65,0.68,0.52,0.61,0.26,1,0.71,0.61,0.65,0.55,0.39,1,0.52,0.71,0.84,0.39,0.42,0.77,0.13,0.35,0.48,0.74,0.77,0.29,0.68,0.06,0.19,0.55,0.35,0.61,0.26,0.48,0.23,0,0.29,0.16,0.19,0.65,0.32,0.16,0.55,0.26,0.26,0.42,0.68,0.55,0.77,0.55,0.61,0.29,0.45,0.16
P55,0.52,0.37,0.81,0.81,0.33,0.15,0.59,0.81,0.81,0.33,0.81,1,0.22,0.37,0.44,0.63,0.74,0.37,0.63,0.48,0.74,0.59,0.07,0.41,0.7,0.15,0.22,0.15,0.26,0.15,0.19,0.85,0.33,0.26,0.52,0.04,0.48,0.37,0.52,0.07,0.07,0.19,0.44,0.44,0.19,0.59,0.59,0.11,0.3,0.85,0,0.19
P56,0.43,0.32,0.79,0.61,0.93,0.21,0.82,1,0.61,0.82,0.82,0.64,0.93,0.68,0.75,0.43,0.54,0.32,0.29,0.57,0.75,0.79,0.46,0.43,0.57,0.32,0,0.21,0.32,0.07,0.46,0.61,0.36,0.46,0.43,0.04,0.21,0.07,0.68,0.36,0.46,0.46,0.29,0.61,0.43,0.36,0.61,0.25,0.86,0.46,0.57,0
P57,0.65,0.32,0.62,0.78,1,0.68,0.76,0.35,0.59,0.84,0.35,0.68,0.62,0.73,0.38,0.84,0.68,0.54,0.7,0.84,0.68,0.57,0.57,0.84,0.49,0.08,0.24,0.38,0.65,0.32,0.59,0.57,0.27,0.27,0.49,0.54,0.43,0.43,0.08,0.35,0.59,0.57,0.51,0.41,0.62,0.16,0.65,0.65,0.49,0,0.32,0.16
P58,0.43,0.5,0.64,0.75,0.14,0.32,0.5,0.96,0.75,0.79,0.29,0.54,0.21,0.43,0.57,0.75,0.54,0.36,0.96,0,0.29,1,0.82,0.82,0.79,0.25,0.04,0.14,0.18,0.71,0.64,0.39,0.32,0.32,0.46,0.54,0.46,0.25,0.29,0.18,0.54,0.32,0.46,0.39,0.29,0.5,0.64,0.64,0.39,0.64,0.39,0.39
P59,0.18,0.91,0.64,0.73,0.64,0.73,0.64,0.45,0.55,0.91,0.73,0.82,0.45,0.36,0.45,0.36,0.73,0.64,0.36,0.27,1,0.82,0.73,0.73,1,0.09,0.36,0.55,0.36,0.64,0.18,0.09,0.55,0.18,0.55,0.36,1,0.27,0.36,0.36,0.45,0.73,0.82,0,0.45,0.73,0.36,0.55,0.45,0.82,0.18,0.91
P60,0.58,0.7,0.85,0.27,1,0.3,0.61,0.67,0.58,0.48,0.48,0.24,0.64,0.45,0.42,0.58,0.82,0.48,0.88,0.67,0.7,0.7,0.85,0.18,0.7,0,0.18,0.48,0.42,0.67,0.15,0.42,0.42,0.33,0.48,0.48,0.21,0.15,0.03,0.03,0.3,0.33,0.3,0.39,0.73,0.09,0.52,0.21,0.58,0.33,0.42,0.09
P61,0.22,0.38,0.44,0.91,0.84,1,0.69,0.53,0.47,0.47,0.53,0.78,0.72,0.44,0.63,0.69,0.38,0.56,0.28,0.25,0.66,0.63,0.5,0.47,0.19,0.13,0,0.56,0.31,0.47,0.28,0.19,0.22,0.38,0.41,0.38,0.03,0.25,0.56,0.31,0.66,0.53,0.59,0.44,0.22,0.41,0.34,0.31,0.59,0.13,0.41,0.25
P62,0.21,1,0.53,0.74,0.58,0.58,0.89,0.58,0,0.37,0.37,0.53,0.37,0.74,0.53,0.42,0.58,0.68,0.53,0.32,0.63,0.37,0.37,0.11,0.74,0.26,0.16,0.63,0.63,0.21,0.11,0.05,0,0.21,0.84,0.79,0.16,0.21,0.53,0,0.58,0.53,0.53,0.26,0.58,0.26,0.21,0.05,0.63,0.63,0.11,0.11
P63,0.51,0.57,0.97,0.7,0.32,0.49,0.81,0.57,0.59,0.43,0.86,0.59,0.59,0.62,1,0.43,0.65,0.76,0.68,0.41,0.32,0.7,0.57,0.32,0.3,0.16,0.35,0,0.38,0.05,0.43,0.3,0.27,0.59,0.49,0.3,0.3,0.46,0.35,0.32,0.59,0.62,0.27,0.49,0.19,0.27,0.51,0.41,0.27,0.51,0.24,0.05
P64,0.47,0.56,0.32,0.71,0.38,0.53,0.53,0.74,0.32,0.35,0.88,0.47,0.59,0.44,0.29,0.79,0.68,0.44,1,0.59,0.32,0.44,0.74,0.47,0.44,0.15,0.21,0.29,0.21,0.15,0.41,0.21,0.53,0.53,0.26,0.21,0.12,0.29,0.18,0.26,0.5,0.35,0.18,0.38,0.38,0.38,0.06,0.44,0.26,0.18,0.35,0
P65,0.77,0.46,0.38,0.46,0.54,0.38,0.38,0.23,0.62,0.08,0.92,1,0.23,0.23,0.62,0.08,0.85,0.85,0.69,0.54,0.31,0.46,0.38,0.69,0.92,0.15,0.15,0.46,0.38,0.38,0.62,0.08,0.85,0.38,0.31,0.31,0.08,0.77,0.62,0,0.69,0.08,0.38,0.31,0.23,0.15,0.15,0,0.15,0.31,0.23,0.31
P66,0.52,0.71,0.84,0.48,1,0.68,0.71,0.65,0.55,0.84,0.94,0.26,0.52,0.48,0.81,0.26,0.94,0.94,0.48,0.39,0.97,0.52,0.55,0.74,0.35,0.39,0.23,0.9,0.81,0.48,0,0,0,0.39,0.32,0.68,0.94,0.45,0.55,0.32,0.68,0.48,0.65,0.45,0.81,0.35,0.13,0.26,0.39,0.29,0.39,0.13
P67,0.59,0.37,0.67,0.89,1,0.63,0.67,0.41,1,0.63,0.81,0.52,0.48,0.81,0.48,0.81,0.37,0.52,0.63,0.81,0.59,0.37,0.93,0.3,0.33,0.3,0.07,0.22,0.3,0.48,0.56,0,0.22,0.56,0.33,0.67,0.04,0.44,0.48,0.33,0.3,0.37,0.33,0.37,0.63,0.11,0.22,0.19,0.3,0.48,0.07,0.15
P68,0.71,0.53,0.41,0.41,0.18,1,0.06,0.35,0.47,1,0.29,0.35,0.24,0.82,0.47,0.47,0.59,0.18,0.65,0.29,0.18,0.53,0.29,0.29,0.53,0.71,0,0.53,0.35,0.29,0.24,0.29,0.41,0.35,0.35,0.18,0.41,0.59,0.59,0.12,0.35,0.29,0.18,0.12,0.29,0.24,0.29,0.12,0.35,0.35,0.35,0.24
P69,0.24,0.83,0.93,0.69,0.76,0.41,0.76,0.55,0.86,0.24,1,0.93,0.55,0.66,0.69,0.59,0.66,0.55,0.41,0.76,0.83,0.59,0.86,0.28,0.24,0.03,0.55,0.45,0,0.69,0.66,0.48,0.17,0.14,0.55,0.31,0.52,0.28,0.17,0.38,0.59,0.38,0.34,0.1,0.59,0.24,0.48,0.86,0.34,0.59,0.28,0.1
P70,0.41,0.66,1,0.41,0.59,0.38,0.59,0.81,0.53,0.47,0.25,0.44,0.72,0.53,0.53,0.91,0.78,0.84,0.72,0.69,0.34,0.13,0.56,0.22,0.44,0,0.13,0.09,0.28,0.38,0.53,0.47,0.44,0.19,0,0.53,0.47,0.38,0.19,0.16,0.56,0.28,0.41,0.66,0.63,0.09,0.44,0.47,0.5,0.19,0.13,0.38
P71,0.33,0.67,0.58,0.42,0.58,0.92,0.75,0.58,0.67,0.58,0.75,0.75,0.17,1,0.75,0.75,0.42,0.58,0.58,0.5,0.25,0.58,0.75,0.67,0.25,0.58,0.42,0.58,0.67,0.58,0.42,0.83,0,0.33,0.42,0.83,0.58,0.42,0.58,0.58,0.17,0.33,0.33,0.83,0.42,0.33,0.75,0.58,0.33,0.58,0.58,0.25
P72,0.22,0.43,0.57,0.62,0.57,0.54,0.92,0.59,0.27,0.43,0.68,0.38,0.49,0.73,0.68,0.57,0.81,0.49,1,0.7,0.73,0.86,0.51,0.62,0.24,0.19,0.08,0.43,0.41,0.41,0.59,0,0.32,0.27,0.22,0.27,0.51,0.43,0.24,0.54,0.3,0.51,0.32,0.3,0.57,0.27,0.11,0.49,0.19,0.59,0.35,0.14
P73,0.51,0.4,0.53,0.77,0.49,0.37,0.49,0.65,1,0.47,0.72,0.53,0.53,0.72,0.56,0.6,0.21,0.37,0.7,0.4,0.47,0.67,0.58,0.81,0.53,0,0.37,0.23,0.3,0.35,0.3,0.23,0.37,0.56,0.56,0.3,0.21,0.51,0.42,0.4,0.53,0.51,0.28,0.35,0.23,0.44,0.53,0.44,0.42,0.28,0.63,0.12
P74,0.27,0.33,0.13,0.73,0,0.53,0,0.33,0.4,0.47,0.4,0.73,0.73,0.87,0.4,0.47,0.33,0.13,1,0.47,0.33,0.27,0.4,0.47,0.13,0.27,0.27,0.2,0.47,0.27,0,0,0.13,0.13,0.2,0.2,0.27,0.33,0.27,0.2,0.4,0.13,0.2,0,0.53,0.53,0.27,0,0.47,0.33,0.6,0.4
P75,0.35,0.68,0.44,0.15,0.53,0,0.18,0.65,0.47,0.68,0.88,0.56,0.68,0.65,0.68,0.18,0.32,0.38,0.44,1,0.29,0.56,0.47,0.65,0.26,0.26,0.65,0.32,0.26,0.21,0.32,0.12,0.18,0.15,0.24,0.18,0.21,0.38,0.65,0.44,0.41,0.47,0.35,0.38,0.35,0.47,0.35,0.29,0.12,0.24,0.15,0.06
P76,0.33,0.53,0.78,0.83,0.36,0.56,0.31,0.53,0.64,0.83,0.31,0.94,1,0.72,0.53,0.64,0.72,0.64,0.69,0.53,0.89,0.47,0.47,0.64,0.47,0.08,0.14,0.47,0.31,0.56,0.39,0.28,0.33,0.56,0.14,0.36,0.56,0.25,0.31,0.53,0.69,0.44,0.36,0.44,0.06,0.64,0.53,0.36,0.17,0.36,0.42,0
P78,0.72,0.76,0.45,0.72,0.9,0.55,0.45,0.48,1,0.62,0.9,0.55,0.45,0.72,0.48,0.9,0.9,0.86,0.76,0.86,0.66,0.55,0.86,0.31,0.59,0.24,0.69,0.31,0.28,0.1,0.28,0.17,0.38,0.52,0.38,0.1,0.62,0.21,0.28,0.21,0.21,0.48,0.41,0.28,0.34,0.69,0.24,0,0.14,0.28,0.1,0.07
P79,0.5,0.41,0.75,0.63,0.5,0.06,0.63,0.59,0.63,0.53,0.5,0.5,0.66,0.28,0.69,0.44,0.28,1,0.5,0.59,0.53,0.66,0.41,0.25,0.09,0.28,0.03,0.16,0.09,0.16,0.13,0.22,0.22,0.28,0.25,0.59,0.16,0.09,0,0.41,0.22,0.22,0.31,0.13,0.25,0.59,0.09,0.16,0.47,0.25,0.09,0
P80,0.62,0.35,0.44,0.68,0.35,0.56,0.88,0.21,0.56,0.41,0.65,0.53,0.68,0.59,1,0.85,0.12,0.56,0.88,0.38,0.53,0.5,0.41,0.35,0.74,0.32,0,0,0.44,0.35,0.47,0.09,0.29,0.35,0.06,0.15,0.44,0.53,0.35,0.15,0.26,0.18,0.26,0.26,0.24,0.5,0.18,0.53,0.32,0.15,0.09,0.21
P81,0.85,0.23,0.77,0.15,0.38,0.77,0.31,0.15,0.31,0.08,0.46,0.62,1,0.62,0.46,1,0.23,0.15,0.15,0.23,0.69,0.85,0.54,1,1,0.46,0.15,0.15,0.62,0.31,0.38,0.31,0.62,0.46,0.46,0.46,0.15,0.15,0.08,0.77,0.54,0.38,0.23,0.23,0.69,0.62,0.23,0,0,0.77,0.69,0.69
P82,0.46,0.62,1,0.69,0.77,0.31,0.23,0.46,0,0.23,0.31,0.92,0.15,0.31,0.08,0.15,0.15,0.92,0.31,0.15,0.08,0.08,0.46,0.23,0.62,0.08,0.23,0.15,0.38,0.15,0.38,0.31,0.31,0.31,0.23,0.23,0.62,0.23,0.15,0.15,0.62,0.31,0.23,0.23,0.23,0.23,0.46,0.62,0.85,0.23,0.31,0.23
P83,0.6,0.47,0.33,0.42,0.37,0.58,0.65,0.4,1,0.4,0.23,0.4,0.56,0.26,0.49,0.4,0.6,0.19,0.33,0.53,0.4,0.44,0.37,0.12,0.42,0.02,0.23,0,0.3,0.09,0.12,0.42,0.53,0.19,0.33,0.07,0.16,0.21,0.28,0.47,0.37,0.4,0.26,0.28,0.51,0.37,0.33,0.26,0.26,0.14,0.14,0.3
P84,0.2,0.12,0.24,0.44,0.17,0.56,0.27,0.51,0.49,0.51,0.61,0.34,0.51,0.34,0.85,0.32,1,0.2,0.46,0.44,0.07,0.29,0.37,0.27,0.27,0.12,0.22,0.22,0.32,0.29,0.12,0.07,0.2,0.24,0.24,0.29,0.27,0.22,0.12,0.32,0.17,0.17,0.1,0.05,0.39,0.39,0.51,0.27,0.24,0.37,0.32,0
P85,0.66,0.53,0.37,0.63,0.5,0.61,1,0.37,0.45,0.34,0.55,0.71,0.76,0.58,0.37,0.68,0.39,0.66,0.5,0.53,0.74,0.53,0.63,0.39,0.37,0.05,0.32,0.29,0.18,0.24,0.32,0.58,0.45,0.39,0.42,0.29,0.37,0.76,0.39,0.53,0.42,0.5,0,0.39,0.16,0.29,0.58,0.84,0.53,0.58,0.45,0.05
P86,0.67,0.52,0.52,0.48,0.63,0.26,0.96,0.67,0.89,0.63,0.63,1,0.48,1,0.37,0.74,0.41,0.33,0.7,0.63,0.78,0.48,0.3,0.41,0.48,0,0.15,0.41,0.15,0.04,0.22,0.59,0.56,0.56,0.63,0.37,0.81,0.48,0.37,0.56,0.81,0.22,0.44,0.48,0.67,0.59,0.52,0.44,0.37,0.52,0.37,0.22
P87,0.5,0.83,0.71,0.88,0.79,1,0.92,0.71,0.92,0.96,0.67,0.88,0.79,0.92,0.42,0.83,0.54,0.75,0.67,0.5,0.58,0.58,0.67,0.38,0,0.33,0.08,0.38,0.63,0.38,0.25,0.46,0.33,0.42,0.71,0.54,0.17,0.79,0.46,0.96,0.75,0.58,0.54,0.29,0.21,0.38,0.75,0.25,0.92,0.21,0.08,0.25
P88,0.85,0.37,0.52,0.44,0.56,0.85,0.89,0.63,1,0.74,0.37,0.93,0.74,0.7,0.52,0.63,0.59,0.3,0.44,0.37,0.74,0.85,0.85,0.52,0.41,0.26,0,0.48,0.44,0.3,0.33,0.33,0.59,0.33,0.37,0.52,0.56,0.3,0.48,0.07,0.33,0.41,0.11,0.59,0.44,0.67,0.19,0.41,0.44,0.37,0.19,0.22
P89,0.32,0.38,0.86,0.51,0.68,0.68,0.7,0.49,0.62,1,1,0.78,0.89,0.78,0.51,0.41,0.54,0.76,0.78,0.59,0.86,0.41,0.92,0.46,0.32,0.41,0.16,0.65,0.57,0.46,0.38,0.41,0.46,0.57,0.51,0.49,0.46,0.27,0.78,0.43,0.51,0.43,0.49,0.54,0.35,0.7,0.35,0.46,0.43,0.43,0,0.43
P90,0.83,0.55,0.76,0.72,1,0.45,0.86,0.76,1,0.59,0.69,0.66,0.9,0.31,0.41,1,0.72,0.55,0.59,0.41,0.31,0.55,0.38,0.34,0.31,0.34,0.31,0.41,0.31,0.24,0.59,0.24,0.76,0.48,0.34,0.28,0.31,0.48,0.45,0.52,0.48,0.17,0.52,0.38,0.24,0.41,0.76,0.66,0.62,0.38,0.31,0
P91,0.5,0.58,0.25,0.75,0.08,0.42,1,0.5,0.42,0.17,0.17,0.67,0.33,0.33,0.17,0.58,0.42,0.83,0.25,0.75,0.42,0.33,0.67,0.58,0.58,0.67,0.08,0.25,0.08,0.33,0.42,0.33,0.5,0.92,0.17,0.08,0.25,0.5,0.33,0.08,0.75,0.17,0.25,0.33,0.33,0.67,0.25,0.42,0,0.25,0.17,0.42
P92,0.18,0.43,0.93,0.53,0.3,0.63,0.45,0.53,0.48,0.6,0.55,0.48,0.43,0.5,0.65,1,0.73,0.58,0.88,0.4,0.85,0.98,0.23,0.2,0.45,0.2,0.2,0.4,0.03,0.35,0.13,0.08,0.53,0.35,0.5,0.48,0.35,0.5,0.48,0.28,0.3,0.38,0.58,0.18,0.33,0.53,0.53,0.25,0.38,0.28,0.28,0
P93,0.63,0.5,0.56,0.75,0.25,0.63,0,0.63,0.69,0.5,0.56,0.75,0.69,0.31,0.38,0.38,0.69,0.63,0.69,0.75,0.56,0.38,0.44,0.5,0.06,0.38,0.38,0.69,0.38,0.38,0.5,0.19,0.5,0.31,0.56,0.56,0.56,0.75,0.25,0.56,0.75,1,0.19,0.38,0.19,0.56,0.31,0.25,0.31,0.19,0.56,0.56
P94,0.83,0.42,0.5,0.42,0.08,0.58,0.17,0.17,0.17,0.42,0.42,0.08,0.33,0.42,0.58,0.33,0.58,1,0.5,0.08,0.42,0.67,0.67,0.58,0.67,0.5,0.42,0.42,0,0,0.33,0.5,0.42,0.17,0.17,0.5,0.08,0.58,0.33,0.33,0.08,0.42,0.5,0.5,0.58,0.25,0.5,0.58,0.42,0.5,0.17,0.42
P95,0.44,0.63,0.63,0.5,0.75,0.44,0.25,0.25,0.38,0.44,0.5,0.69,0.06,0.44,0.63,1,0.19,0.63,0.44,0.63,0.81,0.56,0.81,0.81,1,0.63,0.19,0.44,0.56,0.31,0.31,0.63,0.19,0,0.5,0.25,0.25,0.56,0.63,0.31,0.25,0.06,0.25,0.56,0.25,0.31,0.13,0.63,0.5,0.25,0.38,0.56
P96,0.28,0.39,0.42,0.64,0.42,0.47,0.42,0.5,0.72,0.5,0.08,0.22,0.69,0.47,0.36,0.14,0.42,0.56,1,0.58,0.69,0.28,0.44,0.53,0.17,0.31,0.06,0.19,0.25,0.19,0.28,0.72,0.25,0.25,0.56,0.11,0.03,0.31,0.22,0.31,0.31,0.58,0.25,0.39,0.31,0.19,0.25,0.56,0.53,0.5,0.47,0
P97,0.38,0.63,0.59,0.72,0.5,0.38,0.31,1,0.66,0.81,0.56,0.63,0.91,0.84,0.41,0.75,0.34,0.69,0.47,0.72,0.44,0.34,0.47,0.53,0.63,0.28,0.22,0.06,0.56,0.06,0.16,0.59,0.38,0.28,0.25,0.19,0,0.25,0.72,0.25,0.44,0.5,0.56,0.41,0.22,0.41,0.19,0.59,0.5,0.47,0.28,0.25
P99,0.72,0.44,0.33,1,0.33,0.11,0.5,0.67,0.44,0.33,0.22,0.28,0.33,0.28,0.28,0.5,0.39,0.39,0.39,0.44,0.33,0.33,0.5,0.56,0.28,0.78,0.17,0.22,0.17,0.33,0.33,0.17,0.28,0.28,0,0.33,0.06,0.44,0.22,0.11,0.5,0.28,0.17,0.28,0.44,0.28,0.28,0.28,0.39,0.22,0.33,0.44
P100,0.33,0.04,0.08,0.17,0.17,0.42,0.33,0.04,0.08,0.21,0.17,0.29,0.25,0.21,0.29,0.38,0.21,0.58,0.25,0.21,0.13,0.5,0.25,0.42,1,0.33,0,0.13,0.21,0.04,0.13,0.08,0.17,0.25,0,0.04,0.13,0.29,0.17,0.29,0.17,0.13,0.21,0.46,0.25,0.13,0.5,0.46,0.13,0.21,0.75,0.67
P101,0.3,0.97,0.81,0.86,0.68,0.57,0.62,0.35,0.62,0.81,1,0.59,0.92,0.57,0.59,0.68,1,0.59,0.76,0.51,0.78,0.78,0.59,0.7,0.51,0.32,0.32,0.27,0.41,0.11,0.32,0.51,0.65,0.19,0.41,0.35,0.27,0.59,0.81,0.54,0.43,0.49,0.49,0.81,0.38,0.57,0.7,0.49,0.51,0.59,0.16,0
P102,0.6,0.88,0.12,0.52,0.68,0.32,1,0.56,0.12,0.76,0.56,0.56,0.8,0.48,0.36,0.72,1,0.84,0.84,0.96,0.68,0.36,0.92,0.4,0.96,0.04,0.24,0.32,0.28,0.4,0.2,0.6,0.32,0.4,0.32,0.68,0.36,0.44,0.56,0.8,0.36,0.24,0.68,0.64,0.32,0.2,0.12,0,0.52,0.28,0.48,0.4
P103,0.42,0.25,0.42,0.42,1,0.58,0.67,0.33,0.83,0.92,0.5,0.58,0.33,0.58,0.58,0.5,0.92,0.67,0.5,0.5,0.67,0.08,0.92,0.42,0.58,0.33,0.25,0.17,0.25,0.08,0.75,0.67,0.58,0.25,0.42,0.67,0.92,0.67,0.92,0.25,0.83,0.58,0.75,0.25,0.17,0.33,0.33,0,0.58,0.67,0.92,0.33
P104,0.33,0.33,0.44,0.44,0.22,0.67,0.44,0.56,0.44,0.67,1,0.44,0.78,0.67,0.22,0.11,0.33,0.56,0.22,0.22,0,0.22,0.44,0.44,0,0.11,0.22,0,0.44,0.44,0.11,0.67,0.22,0.11,0.11,0.11,0.44,0,0.22,0.22,0.22,0.22,0.11,0.44,0,0.56,0.22,0.22,0.22,0.44,0.44,0.33
P105,0.14,0.29,0.29,0.14,0.57,0.43,0.57,0.86,0.57,0.29,1,0.29,0.71,0.14,0.14,0.29,0,0.86,0.71,0.57,0.71,0.86,0.29,0.43,0.57,0.29,0.29,0.14,1,0.43,0.14,0.71,0.14,0.57,0.57,0,0.14,0.57,0.29,0,0,0,0.29,0.14,0.71,0.29,0.14,0.29,0.71,0,0.43,0.43
P106,0.41,0.35,0.41,0.71,0.71,0.18,0.41,0.12,0.71,0.65,0.47,0.24,0.35,0.47,0.53,0.71,0,0.41,0.59,0.53,0.35,0.59,0.47,0.41,0.65,0.18,0.41,0.24,0.29,0.41,0.47,0.18,0.41,0.29,0.29,0.24,0.06,0.41,0.24,0.41,0.35,0.47,0.24,0.18,0.29,0.18,0.24,0.29,0.24,0.53,0.59,1
P107,0.53,0.53,0.29,0.82,0.35,0.76,1,0.59,0.53,0.41,0.47,0.65,0.47,0.53,0.53,0.47,0.47,0.35,0.76,0.53,0.76,0.29,0.29,0.35,0.76,0.53,0.76,0.18,0.18,0.47,0.29,0.47,0.65,0.29,0.41,0.71,0.18,0.47,0.24,0.12,0.24,0,0.18,0.41,0.06,0.35,0.35,0.18,0.24,0.59,0.94,0.59
P109,0.43,0.36,0.36,0.14,0.71,0.43,0.71,0.29,0.43,0.79,0,0.43,0.5,0.5,0.79,1,0.71,0.07,0.57,0.43,0.29,0.21,0.14,0.29,0.07,0.57,0.57,0.86,0.71,0.14,0.29,0.86,0.64,0.57,0.43,0.57,0.5,0.36,0.29,0.64,0.36,0.36,0.29,0.14,0.5,0.14,0.43,0.71,0.71,0.5,0.5,0.5
P110,0.4,0.6,0.6,0.2,0.8,0.47,0.4,0.47,0.47,0.4,0.67,0.53,0.33,0,0.13,0.47,0.67,0.73,0.4,0.33,0.27,0.33,0.13,0.6,0.53,0.4,0.4,0.6,0.33,0.27,0,0.13,0.13,0.53,1,0.2,0.67,0.2,0.4,0.47,0,0.47,0.53,0.13,0.2,0.33,0.2,0.53,0.47,0.27,0.27,0.27
P111,0.31,0.23,0.46,0.23,0.23,0.31,0.23,0.23,0.08,0.38,0.15,0.08,0.15,1,0.15,0.08,0.15,0.15,0.23,0.54,0.15,0,0.15,0.23,0.23,0.31,0.08,0.23,0.38,0.46,0.08,0.31,0.38,0.15,0.08,0.62,0.31,0.46,0.31,0.23,0.31,0.54,0.38,0.54,0.54,0.08,0,0.38,0.08,0.15,0.15,0.62
P112,0.26,0.4,0.29,0.83,0.49,0.31,0.37,0.69,1,0.34,0.49,0.23,0.29,0.14,0.54,0.14,0.8,0.69,0.37,0.26,0.6,0.6,0.23,0.14,0.54,0.11,0.29,0.29,0.34,0.54,0.46,0.11,0.03,0.63,0.2,0.17,0,0.71,0.49,0.34,0.14,0.23,0.51,0.17,0.69,0.4,0.29,0,0.17,0.06,0.2,0.37
P113,0.22,0.37,0.56,0.78,0.59,0.33,0.44,0.63,0.89,0.41,0.81,0.89,0.56,0.59,0.48,0.67,0.67,0.48,0.56,1,0.56,0.78,0.41,0.63,0.63,0.26,0.11,0.19,0.11,0.33,0.63,0.78,0.52,0.63,0.41,0.59,0.7,0.63,0.44,0.56,0.56,0.52,0.78,0.44,0.41,0.67,0.93,0.85,0.44,0.59,0.89,0
P114,0.31,0.23,0.31,0.38,0.54,0.69,0.31,0.54,0.62,0.85,0.54,1,0.92,0.77,0.46,1,0.15,0.92,0.46,0.46,0.54,0.15,0.62,0.31,0.15,0.23,0.69,0.62,0.85,0.23,0.38,0.31,0.23,0.69,0,0.46,0.62,0.85,0.46,0.62,0.62,0.38,0.38,0.15,0.62,0.54,0.31,0.31,0.46,0.31,0.54,0.38
P115,0.36,0.36,0.57,0.64,0.71,0.64,0.43,0.14,0.43,0.5,0.86,0.43,0.5,0.93,0.71,0.93,0.5,0.43,0.07,0.64,0.86,1,0.5,0.14,0.57,0.5,0.71,1,0.43,0.71,0.07,0.5,0.64,0.36,0.43,0,0.43,0.5,0.57,0.14,0.07,0.36,0.57,0.21,0.43,0.71,0.57,0.57,0.79,0.21,0.14,0.43
P116,0.75,0.25,0.33,0.33,0.25,0.67,0.42,0.58,0.58,0.42,0.25,0.75,0.33,0.5,0.67,1,0.42,0.83,0.67,0.58,0.67,0.17,0.33,0.58,0.33,0.33,0.33,0.5,0.17,0.33,0.5,0.33,0,0,0.58,0.25,0.17,0.75,0.33,0.08,0.58,0.08,0.5,0.33,0,0.25,0.92,0.5,0.75,0.67,0.5,0.67
P117,0.56,0.11,0.22,0.22,0.22,0.11,0.44,0.11,0.33,0.33,0.22,1,0.22,0.44,0.56,0.67,0.44,0.67,0.67,0.89,0.44,0.44,0.22,0.22,0.44,0.11,0.33,0.11,0.56,0.33,0.78,0.22,0,0.44,0.67,0.44,0.22,0.44,0.11,0.11,0.11,0.22,0.67,0.56,0.78,0.11,0.22,0.44,0.22,0.33,0.44,0.11
P118,0.67,0.5,0.33,0.33,0.67,0.61,0.28,0.06,0.5,0.5,0.22,0.39,0.22,0.39,0.33,0.22,0.56,0.61,0.39,0.22,0.44,0.06,1,0.39,0.5,0.5,0.06,0.11,0.39,0.61,0.17,0.28,0,0.44,0.11,0.22,0.06,0.17,0.17,0.17,0.22,0.28,0.06,0.17,0.11,0.22,0.11,0.44,0.22,0,0.33,0.33
P119,0.37,0.7,0.9,0.47,0.3,0.73,0.5,0.47,0.83,1,0.6,0.33,0.77,0.4,0.87,0.8,0.6,0.8,1,0.33,0.27,0.53,0.47,0.37,0.33,0.3,0.37,0.13,0.13,0.13,0.97,0.43,0.3,0.33,0,0.07,0.57,0.3,0.57,0.53,0.57,0.23,0.23,0.17,0.8,0.63,0.53,0.53,0.17,0.33,0.47,0
P120,0.58,0.53,0.31,0.39,0.42,0.72,0.39,0.58,0.58,0.64,0.44,0.42,0.61,0.61,0.53,0.86,1,0.72,0.44,0.5,0.28,0.39,0.72,0.42,0.36,0.22,0.56,0,0.31,0.56,0.53,0.47,0.31,0.39,0.42,0.33,0.06,0.42,0.31,0.53,0.58,0.89,0.31,0.83,0.5,0.28,0.31,0.61,0.58,0.31,0.36,0.44
P121,0.25,0.5,0.33,0.5,0.58,0.5,0.42,0.42,0.58,0.25,0.83,0.67,0.5,0.58,0.42,0.83,0.25,0.33,0.58,0.17,0.33,0.58,0.25,0.42,0.75,0.58,0.58,0,0.33,0.17,0.17,0.58,0,1,0.08,0.17,0.75,0.33,0.25,0.33,0.42,0.08,0,0.67,0.17,0,0.58,0.5,0.17,0.5,0.17,0.67
P122,0.33,0.5,0.33,0.39,0.56,0.06,0.44,0.33,0.61,0.89,0.39,0.39,0.28,1,0.22,0.89,0.28,0.61,0.56,0.33,0.17,0.5,0.61,0.5,0.33,0.5,0.17,0.22,0.72,0.56,0.28,0.44,0.28,0.44,0.67,0.44,0.56,0.22,0.33,0.28,0.56,0.56,0.61,0.28,0.56,0.72,0.67,0.28,0.44,0,0,0.61
P125,0.25,0.44,0.19,0.5,0.25,0.44,0.5,0.38,0.81,0.75,0.81,0.5,0.56,0.38,0.44,0.25,0.44,0.56,0.06,0.44,0.56,0.69,0.44,0.56,0.25,0.69,0.19,0.25,0.31,0.38,0.5,0.25,0.25,0.75,0.31,0.38,0.13,0.25,0.44,0.31,0.13,0,0.44,0.25,0.31,0.5,0.25,0.38,0.31,1,0.06,0.25
P128,0.56,0.78,0.31,0.66,0.72,0.59,0.72,0.84,0.78,0.69,0.88,0.69,0.69,0.47,0.53,0.41,0.53,0.44,0.63,0.69,0.34,0.94,0.41,0.94,0.5,0,0.22,0.5,0.69,0.25,0.63,0.31,0.34,0.56,0.25,0.59,0.53,0.03,0.47,0.38,0.31,1,1,0.25,0.75,0.75,0.34,0.63,0.56,0.25,0.34,0.13
P129,0.11,0.54,0.77,0.86,0.26,0.46,0.37,0.29,0.57,0.49,0.69,0.8,0.69,0.54,0.57,0.74,0.77,0.77,0.51,0.46,1,0.66,0.89,0.37,0.54,0.17,0.31,0.14,0.63,0.51,0,0.66,0.74,0.54,0.57,0.83,0.37,0.51,0.63,0.6,0.54,0.31,0.34,0.34,0.51,0.69,0.37,0.4,0.51,0.6,0.37,0.14
P130,0.11,1,0.74,0.68,0.63,0.82,0.79,0.42,0.92,0.82,0.63,0.53,0.61,0.37,0.58,0.34,0.45,0.82,0.89,0.34,0.74,0.71,0.82,0.37,0.53,0.13,0.82,0.32,0.37,0.45,0.03,0.58,0.37,0.32,0.55,0.29,0.39,0.58,0.39,0.42,0.26,0.55,0.53,0.45,0.18,0.55,0.39,0.29,0.42,0.37,0.29,0
P131,0.33,0.43,0.43,0.53,1,0.63,0.5,0.8,0.67,0.4,0.87,0.63,0.7,0.7,0.77,0.87,0.5,0.6,0.63,0.8,0.73,0.43,0.57,0.53,0.57,0.3,0.43,0.27,0.37,0.23,0.53,0,0.4,0.17,0.7,0.47,0.3,0.43,0.3,0.1,0.67,0.2,0.43,0.37,0.43,0.63,0.4,0.33,0.6,0.37,0,0.17
P132,0.5,0.42,0.66,0.55,0.61,0.45,0.47,0.5,0.32,0.66,0.74,0.32,0.42,0.53,0.45,0.21,0.26,0.32,0.55,0.66,0.55,0.5,0.42,1,0.24,0.03,0.05,0.29,0.24,0.47,0.45,0.13,0.08,0.34,0.42,0.34,0.32,0.37,0.39,0.05,0.26,0.53,0.5,0.37,0.16,0.37,0.63,0.5,0.24,0.24,0.45,0
P133,0.42,1,0.39,0.68,0.74,0.81,0.97,0.81,0.52,0.68,0.97,0.48,0.74,0.42,0.81,0.81,0.81,0.74,0.55,0.97,0.68,0.48,0.35,0.71,0.48,0.32,0.32,0.39,0.42,0.26,0.48,0.42,0.32,0.35,0.45,0.55,0.55,0.48,0.77,0.81,0.65,0.61,0.35,0.42,0.32,0.19,0.65,0.45,0.68,0.32,0.39,0
P134,0.34,0.58,0.82,0.42,0.45,0.42,0.58,0.37,0.34,0.39,0.5,0.26,0.61,0.87,1,0.32,0.39,0.13,0.29,0.5,0.61,0.53,0.82,0.29,0.18,0.45,0.47,0.16,0.32,0.08,0,0.55,0.63,0,0.37,0.5,0.95,0.37,0.63,0.53,0.26,0.68,0.16,0.34,0.47,0.37,0.42,0.32,0.68,0.34,0.21,0.18
P135,0.55,0.4,0.5,0.53,0.65,0.43,1,0.53,0.58,0.38,0.68,0.73,0.58,0.98,0.68,0.73,0.78,0.63,0.68,0.33,0.85,0.68,0.8,0.58,0.58,0.28,0.38,0.48,0.3,0.4,0.2,0.7,0.35,0.18,0.43,0.4,0.55,0.55,0.68,0.45,0.6,0.3,0.55,0.35,0.5,0.53,0.45,0.58,0.7,0.38,0.23,0
P136,0.59,0.54,0.59,0.92,0.56,0.31,0.9,0.59,0.67,0.54,0.49,0.79,0.41,0.41,0.74,0.51,0.46,1,0.62,0.31,0.85,0.69,0.59,0.46,0.31,0.23,0.62,0.49,0.51,0.38,0.26,0.21,0.13,0.54,0.33,0.56,0.41,0.36,0.38,0.59,0.72,0.62,0.49,0.62,0.28,0.23,0.38,0.31,0.87,0.41,0.56,0
P137,0.47,0.59,0.66,0.59,0.56,0.78,1,0.25,0.66,0.56,0.34,0.72,0.41,0.66,0.59,0.69,0.38,0.41,0.38,0.44,0.44,0.28,0.75,0.28,0.66,0.19,0.53,0.13,0.25,0,0.28,0.25,0.81,0.06,0.59,0.59,0.63,0.44,0.31,0.34,0.19,0.38,0.66,0.69,0.03,0.63,0.25,0.34,0.47,0.56,0.13,0.19
P138,0.53,0.78,0.09,0.5,0.47,0.47,0.59,0.47,0.22,0.53,0.44,0.28,0.75,0.59,0,0.66,0.69,0.41,0.69,0.53,1,0.31,0.31,0.41,0.16,0.13,0,0.41,0.22,0.28,0.38,0.09,0.94,0.5,0.31,0.59,0.31,0.38,0.19,0.06,0.09,0.41,0.28,0.38,0.63,0.31,0.31,0.47,0.25,0.66,0.5,0.16
P139,0.41,0.56,0.41,0.63,0.96,0.37,1,0.22,0.74,0.56,0.37,0.48,0.96,0.67,0.63,0.63,0.96,0.56,0.74,0.85,0.7,0.52,0.7,0.41,0.37,0.59,0.11,0.41,0.15,0.07,0.26,0.26,0,0.67,0.56,0.33,0.3,0.22,0.07,0.07,0.33,0.37,0.22,0.41,0.07,0.15,0.63,0.11,0.07,0.41,0.52,0.11
P140,0.33,0.63,0.81,1,0.56,0.7,0.7,0.33,0.56,0.3,0.33,0.74,0.96,0,0.48,0.93,0.52,0.19,0.7,0.74,0.7,0.44,0.81,0.67,0.56,0.26,0.3,0.26,0.63,0.56,0.74,0.67,0.41,0.74,0.52,0.7,0.44,0.56,0.3,0.52,0.33,0.74,0.33,0.56,0.37,0.3,0.59,0.56,0.59,0.48,0.15,0.37
P141,0.38,1,0.83,0.62,0.52,0.66,0.72,0.83,0.83,0.72,0.62,0.31,0.45,0.48,0.9,0.66,0.72,0.9,0.76,0.59,0.76,0.79,0.59,0.86,0.28,0.14,0.31,0.55,0.31,0.55,0.38,0.41,0.62,0.79,0.1,0.55,0.24,0.48,0.59,0.62,0.24,0.41,0.62,0.38,0.79,0.69,0.79,0.66,0.21,0.66,0,0.24
P142,0.23,0.43,0.8,0.9,0.6,0.47,0.87,0.9,0.63,0.63,0.9,0.7,0.3,0.87,0.87,0.77,0.9,0.87,0,0.57,0.1,0.57,0.7,0.67,0.17,0.5,0.3,0.47,0.3,0.2,0.2,0.73,0.63,0.7,0.27,0.13,0.13,0.5,0.13,0.87,0.27,0.33,0.37,0.27,0.5,0.77,0.7,0.47,1,0.83,0.43,0.3
P143,0.45,0.58,0.39,0.79,0.45,0.58,0.36,0.76,1,0.76,0.61,0.33,0.7,0.82,0.52,0.94,0.82,0.55,0.82,0.73,0.61,0.58,0.61,0.76,0.58,0.42,0.33,0.42,0.36,0.27,0.94,0.15,0.48,0.76,0.18,0.33,0.33,0.03,0.39,0.18,0.33,0.48,0.55,0.73,0.21,0.61,0.42,0.42,0.3,0.15,0,0.24
P144,0.37,0.58,0.79,0.53,0.32,1,0.53,0.37,0.21,0.16,0.21,0.84,0.58,0.21,0.47,0.53,0.47,0.21,0.21,0.58,0.32,0.32,0.37,0.63,0.58,0.63,0.21,0.26,0.47,0.42,0.47,0.42,0.37,0.26,0,0.42,0.16,0.47,0.26,0.32,0.16,0.58,0.63,0.21,0.32,0.16,0.11,0.37,0.26,0.32,0.32,0.53
P145,0.4,0.53,0.33,0.33,0.53,0.13,0.33,0.53,0.6,0.2,0.53,0.47,0.67,0.33,0.73,0.6,0.13,0.2,0.6,0.53,0.6,0.73,0.67,0.2,0.6,0.07,0,0.13,0.07,0.13,0,1,0.4,0.07,0.07,0.53,0.13,0.33,0.33,0.2,0.2,0.07,0.2,0.13,0.2,0.33,0.53,0.2,0.13,0.07,0.2,0.2
P146,0.31,0.77,0.46,0.77,0.54,0.69,0.62,0.23,0.62,0.62,0.54,0.92,0.31,0.15,0.46,0.38,0.46,0.08,0.23,0.15,0.69,0.23,0.38,0.31,0.31,0.38,0.31,0.46,0.31,0.38,0.54,0.31,0.38,0.38,0.15,0.08,0.15,0.38,0.46,0.85,0.54,0.85,0,0.38,0.46,0,1,0.31,0,0.15,0.54,0.77
P147,0.54,0.08,0.46,0.46,0.92,0.31,0.54,0.85,0.54,0.46,0.69,0.62,0.38,1,0.38,0.77,0.54,0.23,0.31,0.46,0.46,0.54,0.31,0.31,0.46,0.23,0.54,0.31,0.92,0.62,0.46,0.23,0.92,0.15,0.23,0.54,0.77,0.46,0.38,0.38,0.15,0.85,0.85,0.54,0.54,0.62,0.15,0.31,0.15,0.08,0.77,0
P149,0.7,0.5,0.5,0.2,0.9,0.4,0.7,1,1,0.7,0.5,0.6,0.9,0,0.6,0.9,0.6,0.7,0.7,0.9,0.3,0.6,0.5,0.3,1,0.1,0.9,0.1,0.8,0.4,0.9,0.4,0.6,0.3,0.4,0.5,1,0.3,0.4,0.4,0.3,0.4,0.2,0.5,0.3,0.7,0.4,0.8,0.3,0.3,0.3,0.1
P152,0.62,0.54,0.38,0.38,0.77,0.08,0.54,0.54,0.23,0.69,1,0.31,0.77,0.38,0.54,0.15,0.69,0.38,0.46,0.92,0.31,0.23,0.46,0.46,0.38,0.62,0.23,0,0.85,0.23,0.31,0.77,0.46,0.23,0.23,0,0.54,0.46,0.69,0.85,0.15,0.23,0.62,0.31,0.31,0.92,0.38,0.69,0,0.62,0.92,0.62
P153,1,0.28,0.39,0.33,0.33,0.06,0.28,0.5,0.72,0.56,0.33,0.44,0.39,0.5,0.39,0.33,0.17,0.17,0.56,0,0.06,0.11,0.17,0.28,0.22,0.39,0.17,0.22,0.22,0.22,0,0.39,0.11,0.17,0.5,0.06,0.17,0.22,0.22,0.22,0.11,0.22,0.28,0.5,0.33,0.5,0.33,0.22,0.17,0.22,0.39,0.33
P154,0.71,0.86,0.64,0.29,0.43,0.36,1,0.14,0.64,0.21,0.43,0.21,0.57,0.14,0.64,0,0.5,0.79,0.79,0.93,0.5,0.5,0.64,0.5,0.57,0.5,0.36,0.79,0.71,0.29,0.21,0.36,0.43,0.43,0.5,0.57,0.29,0.36,0.71,0.21,0.14,0.36,0.36,0.36,0.07,0.21,0.21,0.21,0.79,0.57,0.29,0.29
P155,0.44,0.67,0.33,0.22,0.33,0.22,0.11,0.33,0.22,0.44,0.11,0.22,0.22,0.33,0.33,0.44,1,0.44,0.44,0.33,0.11,0,0.33,0.44,0.56,0.22,0.22,0.33,0.33,0.44,0.78,0.33,0.22,0,0.22,0.33,0.67,0.44,0.11,0.44,0.22,0.11,0.11,0.44,0.44,0.44,0,0.11,0.56,0.11,0.11,0.44
P157,0.75,0.42,0.92,0.33,0.42,0.58,0.67,0.92,1,0.42,0.5,0.92,0.67,0.42,0.5,0.58,0.58,0.42,0.33,0.25,0.42,0,0.33,0.17,0.08,1,0.17,0.42,0.17,0.67,0,0.42,0.33,0.17,0.42,0.25,0.5,0.42,0.42,0.67,0.58,0.33,0.33,0.42,0.25,0.25,0.42,0.42,0.17,0.75,0.17,0.17
P159,0.13,0.13,1,0.5,0.13,0.75,0.38,0.38,0.5,0.75,0.13,0.88,0.25,0.5,0.38,0.75,0.25,0.38,0.38,0.5,0.75,0,0.38,0.13,0.38,0.13,0.38,0,0.38,0.5,0.38,0.5,0.13,0.25,0.13,0.25,0.75,0,0.25,0.38,0.38,0.13,0.38,0.63,0.38,1,0.13,0.25,0.38,0.38,0.25,0.75
P160,0.46,0.38,0.54,0.77,0.85,0.54,0.92,0.46,0.23,0.23,0.31,1,0.85,0.15,0.46,0.46,0.38,0.69,0.46,0.69,0.23,0.08,0.92,0.08,0.08,0.38,0.08,0.38,0.31,0.38,0.31,0.92,0.31,0.85,0.23,0,0.31,0.38,0.77,0.62,0.69,0.38,0.31,0.31,0.23,0.46,0.46,0.85,0.62,0.62,0.38,0.62
P161,0.5,0.63,0.5,0.75,0,0.25,0.63,0.63,0.13,1,0.38,0.63,0.5,0.13,0.13,0.5,0.75,0.25,0.63,0.25,0.5,0.63,0.13,0.75,0.38,0.13,0.25,0.5,0.38,0.63,0.25,0.63,0.13,0.13,0.25,0.63,0.13,0.63,0.13,0.5,0.38,0.5,0.13,0.5,0.63,0.38,0.25,0.38,1,0.38,0.13,0.63
P162,0.69,0.44,0.63,0.44,0.56,0.56,0.44,0.56,0.44,0.44,1,0.19,0.38,0.5,0.56,0.63,0.5,0.63,0.38,0.5,0.31,0.69,0.5,0.44,0.25,0.5,0.19,0.31,0.44,0.63,0.38,0.13,0.19,0.31,0.44,0.63,0.44,0.13,0.06,0.44,0,0.38,0.19,0.13,0.75,0.38,0.19,0.31,0.25,0.25,0.25,0.69
P164,0.44,0.22,0.39,0.44,0.72,0.5,0.39,0.56,0.39,0.33,0.39,0.67,0.33,0.06,0.44,0.61,0.72,0.33,0.33,0.61,0.5,0.44,0.78,0.67,0.39,0.78,0.28,0.11,0.28,0.39,0.72,0.22,0.44,0.44,0.61,0.39,0.44,0.61,0.44,0.39,0.28,0.5,0.28,1,0,0.5,0.33,0.56,0.33,0.28,0.22,0.44
P165,0.46,0.77,0.46,1,0.69,0.46,0.77,0.85,0.23,1,0.54,0.38,0.62,0.62,0.23,0.92,0.54,0.85,0.54,0.62,0.46,0.77,0.31,0.38,0.15,0.85,0.38,0.54,0.38,0.62,0.23,0,0.69,0.77,0.31,0.46,0.46,0.15,0.54,0.62,0.85,0.54,0.54,0.54,0.23,0.08,0.46,0.69,0.69,0.31,0.23,0.62
P166,0.18,0.35,0.29,0.41,0.06,0.24,0.65,0.59,0.29,0.18,0.71,0.53,0.35,0.59,0.53,0.18,0.82,0.18,0.53,0.41,0.24,0.12,0.47,0.06,0.41,0.24,0.06,0.35,0.06,0.41,0.53,0.18,0.35,0.41,0.06,0.35,0.24,0.29,0.41,0.35,0,0.53,0.06,1,0.35,0.12,0.18,0,0.24,0.71,0.06,0.41
P167,0.53,0.91,0.81,0.78,0.5,0.91,0.84,0.91,0.91,0.63,1,0.94,0.53,0.81,0.56,0.66,0.78,0.44,0.66,0.56,0.69,0.38,0.47,0.72,0.28,0.28,0.41,0,0.41,0.47,0.38,0.28,0.19,0.63,0.28,0.34,0.25,0.72,0.66,0.25,0.34,0.34,0.41,0.38,0.31,0.56,0.53,0.75,0.47,0.56,0.38,0.38
P168,0.39,0.27,0.39,1,0.22,0.51,0.39,0.76,0.41,0.66,0.51,0.24,0.61,0.54,0.46,0.37,0.59,0.32,0.61,0.29,0.41,0.63,0.54,0.44,0.54,0.12,0.32,0.2,0.07,0.59,0.54,0.39,0.22,0.2,0.51,0.34,0.54,0.27,0.27,0.24,0.29,0.2,0.22,0.44,0.46,0.2,0.63,0.56,0.27,0.39,0.17,0
P169,0.6,0.4,0.14,0.74,0.34,0.23,0.83,0.43,0.6,0.63,0.43,0.43,0.4,0.57,0.34,0.54,0.57,0.46,1,0.03,0.4,0.4,0.43,0.57,0.63,0.17,0.14,0.31,0.71,0.14,0.03,0.23,0.23,0.46,0.34,0.31,0.43,0,0.49,0.29,0.31,0.23,0.37,0,0.31,0.51,0.49,0.66,0.6,0.46,0.11,0.46
P170,0.39,0.61,0.47,0.76,0.42,0.34,0.37,0.21,0.61,0.74,0.47,0.58,0.45,0.53,0.37,0.89,0.55,0.66,0.53,0.53,0.61,0.58,0.61,0.45,0.68,0,0.21,0.32,0.53,0.42,0.58,0.08,0.45,0.66,0.37,0.37,0.37,0.47,1,0.5,0.42,0.68,0.53,0.29,0.29,0.5,0.66,0.92,0.66,0.55,0.18,0.47
P171,0.31,0.38,0.85,0.31,0.15,0.77,0.69,0.54,0.85,0.85,0.92,0.69,0.54,0.54,0.38,0.69,0.54,0.23,0.31,0.69,0.62,0.54,0.54,0.46,0.46,0.62,0.46,0.92,0.62,0.38,0.46,0.31,1,0.23,0,0.85,0.69,0.31,0.15,0.15,0.46,1,0.23,0.46,0.38,0.23,0.38,0.69,0.23,0.46,0.38,0.54
P172,0.44,0.94,0.81,0.69,0.41,0.69,0.38,0.84,0.69,0.34,0.84,0.44,0.59,0.56,0.78,0.56,0.5,0.75,1,0.56,0.81,0.41,1,0.53,0.25,0.28,0.16,0.44,0.59,0.03,0.69,0.5,0.34,0.63,0.75,0.53,0.31,0.34,0.44,0.34,0.25,0.16,0.44,0.47,0.38,0.81,0.91,0.59,0,0.56,0.16,0.22
P173,0.49,0.26,0.69,0.82,0.56,0.64,0.38,0.74,0.56,0.59,0.67,0.59,0.69,0.64,0.74,0.67,1,0.69,0.44,0.85,0.54,0.67,0.59,0.87,0.62,0.49,0.38,0.18,0.21,0.38,0.51,0.31,0.67,0.67,0.41,0.59,0.28,0.51,0.49,0.59,0.62,0.77,0.54,0.9,0.51,0.44,0.41,0.56,0.54,0.49,0.21,0
P174,0.53,0.68,0.32,0.71,0.85,0.74,0.82,0.24,0.71,0.65,0.44,1,0.41,0.47,0.62,0.97,0.82,0.71,0.62,0.94,0.59,0.53,0.47,0.44,0.5,0,0.29,0.26,0.18,0.47,0.12,0.03,0.15,0.32,0.53,0.24,0.65,0.56,0.44,0.56,0.41,0.65,0.85,0.44,0.38,0.74,0.29,0.74,0.38,0.26,0.56,0.15
P175,0.32,0.62,0.85,0.26,0.32,0.44,0.62,1,0.71,0.53,0.29,0.56,0.56,0.5,0.5,0.79,0.53,0.88,0.47,0.47,0.85,0.44,0.94,0.35,0.32,0.21,0.21,0.44,0.56,0.5,0.47,0.44,0.5,0.53,0.56,0.38,0.68,0.38,0.03,0.38,0.09,0.26,0.35,0.5,0.68,0.68,0.38,0.35,0.59,0.15,0.15,0
P176,0.63,0.78,0.7,0.33,0.38,0.58,0.4,0.63,0.8,0.48,0.8,1,0.78,0.45,0.55,0.6,0.55,0.9,0.43,0.68,0.85,0.48,0.9,0.5,0.83,0.33,0.33,0.35,0.38,0.43,0.65,0.35,0.53,0.35,0.33,0.38,0.4,0.48,0.38,0.33,0.25,0.4,0.2,0.45,0.45,0.33,0.28,0.5,0.48,0.43,0.25,0
P177,0.21,0.54,0.51,0.79,0.44,0.59,0.33,0.31,0.56,0.59,0.49,0.46,0.33,0.69,0.67,0.74,0.31,0.46,0.56,1,0.79,0.56,0.08,0.49,0.08,0.41,0.44,0.28,0.49,0.08,0.1,0.49,0.62,0.38,0.15,0.15,0.18,0.67,0.33,0.28,0.23,0,0.41,0.28,0.31,0.44,0.38,0.62,0.18,0.41,0.26,0.28
P178,0.47,0.44,0.62,0.5,0.76,0.53,0.71,0.82,0.44,0.59,0.41,0.65,0.82,0.62,0.82,1,0.74,0.59,0.68,0.65,0.74,0.94,0.82,0.74,0.56,0.38,0.29,0.65,0.24,0.06,0.5,0.24,0.32,0,0.79,0.35,0.41,0.29,0.5,0.44,0.18,0.24,0.97,0.5,0.71,0.35,0.53,0.56,0.68,0.26,0.26,0.21
P179,0.69,0.67,0.44,0.47,0.56,0.64,0.33,0.69,0.5,0.53,0.39,0.44,0.5,0.42,0.89,0.86,0.67,0.53,0.67,0.47,0.67,0.47,0.64,0.42,0.28,0.17,0.28,0.47,0.25,0,0.56,0.69,0.36,0.64,0.53,0.67,0.36,0.5,0.58,0.53,0.44,0.25,0.53,0.42,0.5,0.42,1,0.19,0.39,0.19,0.53,0.17
P180,0.65,0.6,0.51,0.72,0.72,0.51,0.67,0.44,1,0.51,0.91,0.58,0.65,0.74,0.6,0.95,1,0.47,0.53,0.53,0.56,0.44,0.47,0.77,0.56,0,0.6,0.3,0.42,0.49,0.28,0.63,0.86,0.3,0.51,0.49,0.44,0.35,0.42,0.58,0.56,0.49,0.33,0.37,0.63,0.6,0.51,0.42,0.6,0.67,0.51,0.09
P181,0.49,0.83,0.46,0.66,0.63,0.6,0.43,0.77,0.97,0.89,0.31,0.46,0.69,0.91,0.8,1,0.57,0.63,0.49,0.46,0.4,0.86,0.51,0.57,0.4,0.03,0.54,0.37,0.43,0.43,0.06,0.49,0.63,0.46,0.26,0.54,0.51,0.66,0.57,0.37,0.54,0.37,0.49,0.26,0.37,0.2,0.26,0.31,0.51,0.29,0.71,0
P182,0.84,0.41,0.59,0.41,0.34,0.63,0.44,0.66,0.91,0.69,1,0.44,0.88,0.69,0.66,0.5,0.75,0.34,0.41,0.78,0.59,0.31,0.78,0.56,0.44,0.25,0.06,0.34,0.25,0,0.28,0.25,0.34,0.41,0.34,0.38,0.41,0.72,0.81,0.31,0.69,0.81,0.69,0.66,0.44,0.78,0.44,0.81,0.5,0.25,0.38,0.16
P183,0.22,0.59,0.75,1,0,0.44,0.63,0.59,0.47,0.38,0.59,0.06,0.72,0.69,0.66,0.63,0.5,0.44,0.72,0.38,0.69,0.56,0.41,0.47,0.31,0.13,0.13,0.38,0.16,0.41,0.31,0.38,0.5,0.34,0.38,0.44,0.25,0.38,0.41,0.19,0.34,0.28,0.19,0.31,0.38,0.31,0.34,0.5,0.41,0.34,0.22,0.03
P184,0.41,0.59,0.62,0.41,0.46,0.46,1,0.49,0.86,0.78,0.62,0.81,0.62,0.86,0.78,1,0.68,0.73,0.54,0.65,0.57,0.51,0.49,0.73,0.81,0.24,0.24,0.41,0.32,0.43,0.38,0.38,0.54,0.59,0.38,0.16,0.68,0.35,0.46,0.46,0.22,0.19,0.49,0.62,0.54,0.49,0.35,0.22,0.65,0,0.43,0.41
P185,0.36,0.21,0.5,0.64,0.64,1,0.75,0.64,0.57,0.46,0.75,0.68,0.25,0.43,0.54,0.39,0.11,0.79,0.61,0.86,0.32,0.79,0.29,0.54,0.29,0.25,0,0.57,0.54,0.29,0.29,0.11,0.25,0.5,0.36,0.57,0.29,0.61,0.68,0.21,0.32,0.25,0.79,0.07,0.64,0.21,0.07,0,0.29,0.32,0.21,0.21
P186,0.52,0.45,0.55,0.52,0.68,0.42,1,0.74,0.03,0.77,0.48,0.97,0.61,0.55,0.19,0.68,0.9,0.48,0.87,1,0.48,0.74,0.58,0.42,0.42,0.16,0.48,0.26,0.35,0.23,0.77,0.68,0.23,0.16,0.29,0.32,0.39,0.29,0.23,0.32,0.42,0.19,0.55,0.71,0.48,0.42,0.23,0.48,0.48,0.23,0.06,0
P187,0.52,0.73,1,0.67,0.67,0.39,0.42,0.15,0.79,0.73,0.42,0.52,0.61,0.73,0.67,0.48,0.58,0.94,0.52,0.24,0.58,0.42,0.33,0.55,0.58,0.27,0,0.36,0.36,0.39,0.45,0.24,0.73,0,0.27,0.58,0.33,0.39,0.79,0.52,0.45,0.73,0.45,0.82,0.67,0.39,0.3,0.73,0.15,0.58,0.18,0.42
P188,0.47,0.5,0.56,1,0.72,0.92,0.64,0.39,0.75,0.11,0.25,0.92,0.53,0.5,0.64,0.53,1,0.64,0.31,0.78,0.36,0.53,0.31,0.56,0.19,0.19,0.36,0.17,0.53,0,0.31,0.08,0.33,0.36,0.11,0.56,0.42,0.42,0.58,0.53,0.61,0.25,0.72,0.56,0.33,0.22,0.19,0.28,0.61,0.31,0.17,0.22
P189,0.39,0.45,0.84,0.32,0.61,1,0.26,0.16,0.32,0.39,0.58,0.1,0.68,0.29,0.61,0.58,0.48,0.35,0.77,0.26,0.32,0.58,0.45,0.71,0.29,0,0.19,0.32,0.35,0.55,0.68,0.32,0.26,0.32,0.32,0.1,0.9,0.16,0.16,0.19,0.19,0.26,0.23,0.42,0.26,0.81,0.32,0.77,0.29,0.23,0.1,0.06
P190,1,0.61,0.91,0.73,0.91,0.76,0.3,0.48,0.52,0.42,0.67,0.45,0.61,1,0.79,0.27,0.79,0.45,0.73,0.21,0.36,0.39,0.42,0.45,0.67,0.33,0.24,0.24,0.15,0.55,0.39,0.58,0.36,0,0.45,0.55,0.48,0.36,0.48,0.48,0.33,0.67,0.58,0.15,0.58,0.21,0.24,0.24,0.3,0.52,0.15,0.3
P191,0.77,0.46,0.62,0.44,0.67,0.54,0.49,0.69,0.62,0.56,0.56,0.62,1,0.72,0.51,0.44,0.33,0.46,0.79,0.56,0.79,0.59,0.74,0.41,0.31,0.31,0,0.15,0.26,0.23,0.31,0.31,0.46,0.23,0.51,0.36,0.31,0.46,0.49,0.21,0.28,0.74,0.38,0.05,0.18,0.46,0.46,0.26,0.44,0.44,0.41,0.15
P192,0.27,0.55,0.45,0.61,0.64,0.85,0.85,0.48,0.48,0.73,0.33,0.55,0.73,0.73,0.42,0.85,0.76,0.76,0.52,0.94,0.39,0.52,1,0.61,0.45,0.39,0.36,0.33,0.58,0.27,0.36,0,0.67,0.45,0.67,0.3,0.45,0.39,0.58,0.24,0.48,0.79,0.36,0.58,0.52,0.61,0.42,0.33,0.3,0.48,0.52,0.48
P193,0.38,0.03,0.28,0.62,0.36,0.59,0.46,0.51,0.31,0.56,0.72,0.51,0.62,0.62,0.56,0.36,0.64,1,0.56,0.51,0.74,0.64,0.36,0.64,0.31,0,0.23,0.28,0.03,0.28,0.44,0.03,0.46,0.26,0.21,0.13,0.21,0.1,0.36,0.44,0.28,0.15,0.49,0.56,0.36,0.08,0.49,0.23,0.31,0.36,0.03,0
P194,0.67,0.75,0.5,0.17,0.75,0.96,0.79,0.63,0.58,0.75,0.63,1,0.75,0.54,1,0.96,0.92,1,0.42,0.58,0.83,0.25,0.54,0.5,0.17,0,0.08,0.42,0.08,0.25,0.04,0.42,0.13,0,0.75,0.38,0.75,0.33,0.17,0.38,0.96,0.38,0.42,0.54,0.25,0.5,0.08,0.67,0.17,0.58,0.38,0.33
P196,0.86,0.55,0.72,0.48,0.93,0.59,0.86,0.9,0.62,0.72,0.66,0.31,0.69,0.55,0.48,0.41,1,0.52,0.41,0.28,0.45,0.59,0.14,0.28,0.9,0,0.79,0.41,0.14,0.34,0.45,0.1,0.31,0.52,0.72,0.31,0.38,0.14,0.62,0.41,0.38,0.69,0.31,0.38,0.83,0.69,0.41,0.34,0.34,0.41,0.55,0.34
P197,0.25,0.38,0.38,0.88,0.38,0.56,0.44,1,0.5,0.63,0.63,0.25,0.44,0.81,0.81,0.13,0.44,0.69,0.06,0.31,0.63,0.56,0.69,0.56,0.63,0.63,0.13,0,0.25,0.25,0.56,0.5,0.94,0.38,0.31,0.44,0.31,0.25,0.69,0.69,0.25,0.38,0.5,0.19,0.88,0.56,0.63,0.94,0.25,0.25,0.13,0.5
P198,0.24,0.94,0.06,0.35,0.29,0.53,0.47,0.41,0.29,0.76,0.41,0.35,0.65,0.53,0.71,0.71,0.24,0.18,0.41,0.88,0.29,0.35,0.65,0.71,0.82,1,0.35,0.29,0.59,0.29,0,0.24,0.24,0.29,0.71,0.29,0.41,0.29,0.12,0,0.41,0.35,0.24,0.29,0.76,0.29,0.35,0.24,0.24,0.47,0.35,0.76
P200,0.43,0.3,0.53,0.4,0.7,0.3,0.33,0.5,0.4,0.23,0.3,0.57,0.43,0.37,0.37,0.37,0.37,0.4,0.57,0.63,0.7,0.53,0.6,0.47,1,0.63,0.17,0.2,0.1,0,0.3,0.47,0.43,0.3,0.27,0.13,0.37,0.43,0.17,0.53,0.2,0.33,0.53,0.23,0.33,0.27,0.43,0.6,0.6,0.37,0.6,0.7
P201,0,0.25,0.25,0.5,0.5,0.5,0.13,0.25,0.13,0.75,0.75,0.5,0.25,0.25,0,0.13,0.75,0.25,0.5,0.25,0.38,0.75,1,0.63,0.5,0.25,0.13,0.13,0.63,0,0.25,0.13,0.25,0.25,0.38,0.13,0.38,0.5,0.5,0.13,0.5,0.38,0.5,0.5,0.38,0.5,0,0,0.13,0.75,0,0.38
P202,0.25,0.25,0.25,0.3,0.3,0.3,0.5,0.45,0.75,0.55,0,0.55,0.65,0.6,0.7,0.75,0.6,0.5,0.35,0.95,0.9,0.85,0.55,0.6,0.75,1,0.2,0.55,0.5,0.25,0.2,0.45,0.4,0.45,0.35,0.05,0.3,0.8,0.45,0.25,0.5,0.45,0.25,0.6,0.8,0.45,1,0.75,0.35,0.8,1,0.9
P203,0.89,0.67,0.22,0.56,0.56,0.89,0.67,0.56,0.44,0.22,0.44,0.78,0.22,0.44,0.78,0.78,0.33,0.78,1,0.67,0.56,0.22,0.67,0.89,0.56,0.78,0.22,0.56,0,1,0.11,0.11,0.78,0.89,0.22,0.56,0.67,0.67,0.22,0.78,0.22,0.67,0.67,0.78,0.56,0.33,0.56,0.67,0.78,0.67,0.44,0.67
P205,0.26,0.09,0.09,0.35,0.13,0.04,0.43,0.17,0.39,0.26,0.3,0.3,0.3,0.17,0.48,0.35,0.35,0.43,0.48,0.13,0.35,0.43,0.22,0.91,0.87,1,0.09,0.13,0.09,0.09,0.22,0.48,0.17,0.35,0.22,0.26,0,0.26,0.17,0.04,0.09,0.39,0.13,0.65,0.39,0.17,0.35,0.3,0.3,0.26,0.74,0.52
P207,0.09,0.36,0.64,0.55,0.18,0.36,0.09,0.45,0.55,0.45,0.82,0.09,0.82,0.36,0.27,0.55,0.55,0.45,0.27,0.36,0.18,0.36,0.55,0.55,0.82,0.91,0,0.18,0.27,0.27,0.36,0.27,0.09,0.27,0.36,0.36,0.18,0.36,0.73,0.18,0,0.36,0.55,0.36,0.55,0.73,0.64,0.18,0.45,0.82,0.82,1
P208,0.42,0.31,0.58,0.5,0.5,0.42,0.5,0.36,0.11,0.31,0.78,0.58,0.44,0.5,0.72,0.39,0.5,0.83,0.25,0.47,0.97,0.72,0.97,1,0.67,0.94,0.11,0,0.33,0.25,0.31,0.19,0.17,0,0.22,0.28,0.08,0.5,0.28,0.42,0.33,0.39,0.44,0.61,0.31,0.33,0.67,0.5,0.47,0.58,0.67,0.83
P209,0.62,0.15,0.15,0.54,0.92,0.62,0.15,0.54,0.31,0.77,0.69,0.23,0.54,0.62,0.54,0.54,0.38,0.85,0.46,0.69,0.62,0.46,0.54,0.92,0.31,0.85,0.31,0.15,0.31,0.08,0.46,0.46,0.08,0,0.38,0.46,0.38,0.46,0.38,0.15,0,0.69,0.15,0.54,0.23,0.31,0.31,1,0.15,0.69,0.62,0.85
P210,0.63,0.42,0.26,0.53,0.16,0.37,0.63,1,0.26,0.37,0.47,0.53,0.58,0.53,0.84,0.32,0.32,0.68,0.53,0.63,0.47,0.68,0.47,0.63,0.74,0.53,0.26,0.37,0.21,0.16,0.26,0.32,0.37,0,0.21,0.63,0.42,0.32,0.32,0.26,0.47,0.37,0.26,0.32,0.47,0.53,0.37,0.21,0.68,0.79,0.74,0.53
P211,0.73,0.53,0.33,0.53,0.67,0.67,0.87,0.67,0.4,0.47,1,0.53,0.13,0.53,0.67,0.47,0.33,0.47,1,0.73,0.93,0.6,0.87,0.33,0.53,0.53,0.4,0.33,0.6,0.6,0.2,0.47,0,0.4,0.4,0.73,0.53,0.33,0,0.4,0.27,0.07,0.4,0.27,0.47,0.13,0.27,0.93,0.2,0.4,0.4,0.67
P261,0.43,1,0.32,0.39,0.29,0.54,0.71,0.39,0.5,0.39,0.46,0.36,0.68,0.57,0.57,0.57,0.64,0.57,0.5,0.43,0.57,0.43,0.43,0.64,0.93,0.79,0.11,0.25,0.29,0.61,0.29,0.32,0.14,0.57,0.43,0.29,0.18,0.36,0.18,0,0.29,0.29,0.36,0.14,0.61,0.21,0.5,0.39,0.43,0.36,0.71,0.93
P262,0.24,0.36,0.4,0.2,0.5,0.42,0.36,0.36,0.5,0.42,0.3,0.24,0.32,0.36,0.4,0.8,0.56,0.3,0.46,0.58,0.74,0.4,0.52,0.42,1,0.76,0.2,0.24,0.24,0.32,0.14,0.22,0.16,0.28,0.3,0,0.08,0.06,0.2,0.5,0.42,0.38,0.4,0.38,0.36,0.3,0.36,0.34,0.32,0.78,0.6,0.6
P263,0.24,0.06,0.29,0.32,0.06,0.41,0.09,0.09,0.38,0.24,0.26,0.26,0.18,0.06,0.38,0.12,0.18,0.21,0.47,0.38,0.59,0.26,0.32,0.5,1,0.65,0,0,0.09,0.18,0.09,0,0.15,0.12,0.03,0.15,0.29,0,0.15,0.29,0.09,0.26,0.21,0.09,0.29,0.24,0.29,0.26,0.12,0.26,0.29,0.38
P264,0.33,1,0.42,0.42,0.42,0.5,0.67,0.17,0.92,0.25,0.33,0.92,0.25,0.42,0.92,0.08,0.83,0.58,0.67,0.08,0.17,0.83,0.75,1,0.75,1,0.5,0.5,0.42,0.33,0.08,0.17,0.17,0,0.25,0.17,0.08,0.42,0.25,0.25,0.5,0.08,0.5,0.25,0.75,0.25,0.67,0.25,0.33,0.58,0.67,0.42
P266,0.24,0.35,0.29,0.76,0.88,0.47,0.24,0.65,0.53,0.71,0.24,0.71,0.41,0.18,0.59,0.47,0.18,0.18,0.29,0.47,0.47,0.35,0.76,0.41,0.53,0.94,0.41,0.18,0.41,0.35,0.59,0.29,0.41,0.47,0.29,0.29,0.35,0.53,0.12,0.53,0.29,0,0.18,0.35,0.41,0.71,0.47,0.47,0.59,0.65,0.18,1
P267,0.33,0.83,0.83,0.08,0.33,0.08,0,0.33,0.33,0.67,0.75,1,0.83,0.5,0.42,0.42,0.25,0.33,0.58,0.17,0.25,0.42,0.75,0.33,0.75,0.75,0.5,0.33,0.17,0.42,0.42,0.58,0.5,0.42,0.33,0.83,0.25,0.5,0.33,0.5,0.42,0.25,0.58,0.17,0.08,0.42,0.17,0.17,0.92,0.5,0.25,0.83
P268,0.35,0.35,0.35,0.19,0.35,0.58,0.23,0.15,0.31,0.35,0.19,0.46,0.77,0.42,0.38,0.42,0.58,0.12,0.35,0.46,0.38,0.65,0.62,0.27,1,0.46,0.23,0.31,0,0,0.27,0.15,0.04,0,0.04,0.73,0.38,0.19,0.31,0.23,0.04,0.15,0.15,0.65,0.31,0.31,0.42,0.62,0.81,0.54,0.81,0.5
P269,0.14,0.33,0.1,0.38,0.52,0.33,0.29,0.52,0.38,0.14,0.29,0.38,0.38,0.38,0.14,0.43,0.52,0.57,0.71,0.62,0.24,0.57,0.67,0.48,0.86,1,0.38,0,0.05,0.33,0.29,0.71,0.29,0.29,0.24,0.33,0.19,0.38,0.1,0.52,0.1,0.38,0.76,0.33,0.52,0.48,0.14,0.33,0.52,0.57,0.48,0.48
P270,0.57,0.21,0.46,0.32,0.68,0.39,0.21,0.14,0.68,0.11,0.36,0.43,0.21,0.57,0.32,0.57,0.46,0.25,0.07,0.36,0.5,0.68,0.5,1,0.5,0.61,0,0.25,0,0.21,0.29,0.39,0.14,0.46,0.39,0.18,0.54,0.18,0.11,0.04,0.39,0.32,0.36,0.18,0.25,0.04,0.07,0.29,0.46,0.43,0.32,0.75
P271,0.25,0.25,0.38,0.63,0,0.88,0.38,0.25,0,0.5,0.25,1,0.5,0.38,0.38,0.63,0.25,0,0.38,0,0.13,0.25,0.13,0.63,0.13,0.88,0.13,0.5,0.13,0,0.5,0.13,0.25,0.25,0.13,0.25,0,0,0.5,0.63,0,0.13,0.5,0.38,0.13,0.38,0.25,0.13,0.13,0.25,0.63,0.5
P284,0.86,0.43,0.43,0.67,0.71,0.76,0.86,0.33,0.48,0.52,0.38,0.29,0.57,1,0.43,0.62,0.43,0.62,0.71,0.86,0.52,0.62,0.38,0.48,0.52,0.33,0.33,0.33,0.29,0.19,0.33,0.14,0.1,0.29,0.43,0.57,0.48,0.57,0,0.43,0.14,0.38,0.38,0.33,0.48,0.62,0.1,0.48,0.67,0.62,0.52,0.48
P285,0.53,0.6,0.2,0.2,0.33,0.6,0.2,0.67,0.87,0.27,0.6,0.6,0.2,0.4,0.13,0.47,0.73,0.6,1,0.47,0.67,0.27,0.73,0.4,0.67,0.53,0.27,0.2,0.27,0,0.13,0,0.2,0.2,0.53,0.8,0.13,0.4,0.4,0.07,0.2,0.2,0.47,0.2,0.27,0.53,0.6,0.27,0.47,0.6,0.33,0.8
P286,0.39,0.45,0.27,0.33,0.36,0.58,0.42,0.36,0.33,0.45,0.3,0.55,0.42,0.42,0.61,0.67,0.88,0.3,0.58,0.55,0.42,0.55,0.82,0.61,0.55,1,0.55,0.21,0.21,0.42,0.27,0.3,0.24,0.27,0.45,0,0.33,0.36,0.18,0.33,0.12,0.42,0.45,0.61,0.52,0.27,0.52,0.48,0.21,0.61,0.48,0.76
P292,0.11,0.67,0.44,0.33,0.33,0.22,0.44,0.56,0.22,0.56,0.44,0.22,0.22,0.22,0.44,0.11,0.11,0.11,0.22,0,0.33,0.22,0.56,0.11,0.33,0.44,0.44,1,0.44,0.33,0.22,0.44,0.11,0.22,0,0.33,0,0,0.67,0.44,0.11,0.44,0.22,0.11,0.22,0.11,0.22,0.44,0.22,0.22,0.22,0.44
P294,0.3,0.48,0.74,0.48,0.13,0.35,0.35,0.3,0.61,0.43,0.43,0.48,0.22,0.22,0.3,1,0.17,0.52,0.48,0.3,0.13,0.39,0.22,0.52,0.39,0.48,0.26,0.26,0.13,0.35,0.17,0.26,0,0.3,0.3,0.3,0.26,0.26,0.09,0.3,0.3,0.39,0.17,0.13,0.09,0.35,0.26,0.22,0.22,0.43,0.22,0.09
P299,0.6,0.47,0.73,0.47,0.93,0.87,0.27,0.8,0.47,0.4,0.67,0.27,0.2,0.33,0.67,0.73,0.6,0.73,0.6,0.53,0.33,0.8,0.73,0.27,0.33,0.87,0.4,0.67,0.8,0.6,0.4,0.27,0.33,0.27,0.4,0.6,0,0.2,0.73,0.67,0.6,0.53,0.73,0.27,0.6,1,0.4,0.6,0.4,0.67,0.6,0.73
P301,0.6,0,0.1,0.2,0.3,0.4,0.4,0,0.2,0.8,0.1,0.2,0.5,0.2,0.2,0.2,0,0.4,0.5,0.3,0.5,0.4,1,0.2,0.2,0.2,0.1,0.3,0.2,0.4,0.1,0.3,0,0.3,0.1,0.4,0.6,0.7,0.1,0.4,0.7,0,0.2,0.4,0.6,0.4,0.6,0,0.5,0.1,0.4,0
P304,0.31,0.23,0.23,0.38,0.46,0.46,0.92,0.31,0.85,0.38,0.15,0.23,0.77,0.31,0.46,0.46,0.77,0.38,1,0.62,0.23,0.46,0.08,0.62,0.23,0.62,0.38,0.08,0.54,0.23,0.31,0.15,0.23,0.54,0.38,0.54,0.15,0.38,0.38,0.54,0.46,0.31,0.23,0.46,0.31,0.08,0.38,0,0.69,0.38,0.38,0.62
P305,0.64,0.55,0.18,0,0.18,0.09,0.45,0.64,1,0.09,0.82,0.36,0.64,0.18,0.36,1,0.45,0,0.27,0.36,0.18,0,0.36,0.64,0.45,0.18,0.09,0.09,0.09,0.27,0.64,0.64,0.36,0.18,0.27,0.18,0.73,0.64,0.18,0.09,0.36,0.27,0.09,0.27,0.64,0.18,0.91,0.09,0.09,0.18,0.36,0.55
P306,0.38,0.13,0.25,0.88,0.75,0.38,0.63,0.38,1,0.63,0.75,0.38,0.38,0.13,0.13,1,0.25,0.13,1,0,0.75,0.13,0.25,0.88,0.13,0.25,0.38,0.38,0.25,0.13,0.13,0.63,0.25,0.25,0.25,0.13,0.5,0.25,0.38,0.38,0.25,0,0.25,0.63,0.25,0.38,0.25,0.13,0.25,0.13,0.63,0.75
P307,0.25,0.33,0.42,0.33,0.17,0.08,0.17,0.33,0.25,0.42,0.42,0.42,0.17,0.33,0.17,0.25,0.08,0.42,0.25,0.5,0.42,0.25,0.33,0.17,0.17,0.42,0,0.25,0.25,1,0.33,0.17,0.33,0.17,0.33,0.08,0.33,0.17,0.25,0.17,0.25,0.33,0.33,0.25,0.5,0,0.17,0.33,0.08,0.08,0.25,0.67
P309,0.53,0.27,0.47,0.47,0.87,0.4,0.73,0.6,0.27,1,0.67,0.27,0.53,0.67,0.27,0.6,1,1,1,0.73,0.67,0.67,0,0.67,0.6,0.87,0.87,0.33,0.27,0.07,0.13,0.33,0.47,0.53,0.8,0.67,0.67,0.13,0.47,0.67,0.73,0.47,0.73,0.47,0.6,0.6,0.87,0.4,0.27,0.4,0.47,0.47
P314,0.25,0.94,0.44,0.75,0.5,0.38,0.69,1,0.5,0.69,0.88,0.56,0.75,0.63,0.44,0.5,0.56,0.38,0.88,0.13,0.25,0.44,0.88,0.5,0.5,0.81,0.31,0.38,0.31,0.19,0.38,0.44,0.06,0.5,0.31,0.63,0.19,0,0.31,0.31,0.5,0.31,0.5,0.38,0.31,0.25,0.69,0.44,0.44,0.5,0.5,0.69
P316,0.33,0.44,0.89,0.11,0,0.78,0.33,0.33,1,0.89,0.33,0.44,0.33,0.78,0.44,0.22,0.56,0.44,0.33,0.11,0.44,0.33,0.33,0.11,0.44,0.67,0.11,0.33,0.44,0,0.56,0.11,0.56,0.33,0.33,0.33,0.56,0.11,0.22,0,0.56,0.22,0.67,0.11,0,0.56,0.22,0,0.11,0.22,0.33,0.11
P319,0.08,0,0.58,0.33,0.5,0.67,0.58,0.5,0.92,0.08,0.67,0.42,0.75,0.42,0.75,0.75,0.83,0.25,0.17,0.67,0.33,1,0.33,0.25,0.67,1,0.17,0.92,0,0.08,1,0,0.25,0.42,0.92,0.5,0,0.75,0,0.75,0.58,0.25,0.42,0,0.42,0.08,0.33,0.25,0,0.08,0.42,0.08
P321,0.2,0.5,0.7,0.4,0.2,0.2,0.2,0.3,0,0.1,0.2,1,0.8,0.1,0.2,0.3,0.5,0.3,0.6,0.2,0.2,0,0.2,0,0.3,0.3,0.1,0.4,0.9,0.2,0.1,0.4,0.1,0.4,0.4,0,0.7,0.3,0.1,0.4,0.2,0.1,0.2,0.2,0.4,0.6,0.3,0.5,0.5,0.2,0.5,0.2
P324,0.4,0.4,0.6,0.15,0.15,0.3,0.75,0.1,0.3,0.35,0.35,0.35,0.55,0.35,0.35,0.15,0.2,0.4,0.6,0.15,0.6,0.1,0.35,0.45,1,0.3,0.45,0.35,0.1,0.25,0.1,0.35,0.1,0.3,0.15,0.45,0,0.1,0.4,0.25,0.15,0.1,0.35,0.15,0.1,0.2,0.15,0.4,0.45,0.4,0,0.25
P331,0.67,0.56,0.56,0.33,0.44,0.11,0.56,0.56,0.33,1,0.89,0,0.44,0.78,0.44,0.56,0.56,0.78,0.44,0.67,0,0.22,0.11,0.33,0.67,0.67,0.33,0.67,0.22,0.44,0.33,0.56,0.22,0.22,0.89,0.67,0.11,0.22,0.56,0.11,0.22,0.44,0.11,0.67,0.11,0,0.11,0.56,0.11,0.22,0.22,0.56
P332,0.55,0.91,0.36,0.73,0.18,0.55,0.82,0.64,0.55,0.55,0.64,1,0.64,0.64,0.73,0.18,0.73,0.45,0.45,0.55,0.36,0.64,0.45,0.45,0.82,0.36,0.09,0.45,0.45,0,0.18,0.55,0.45,0.73,0.36,0.18,0.27,0.64,0.18,0.27,0,0.36,0.64,0.18,0.27,0,0.45,0.09,0.55,0.09,0.09,0.45
P333,0.45,0.45,0.09,0.36,0.64,0.82,0.64,0.82,0.45,0.45,0.82,0.64,0.82,0.91,0.64,1,0.18,0.64,0.91,0.64,0.73,0.18,0.09,0.73,0.82,0.36,0.36,0.27,0.27,0.09,0.27,0.18,0.36,0.73,0.36,0.36,0.09,0.18,0.18,0.45,0.64,0.18,0,0.09,0.45,0.36,0.36,1,0.27,0.18,0.64,0.45
P334,0.45,0.55,0.65,0.3,0.7,0.7,0.4,0.4,0.4,0.5,0.45,0.6,0.3,0.15,0.35,0.15,0.5,0.55,0.5,1,0.5,0.6,0.4,0.4,0.4,0.45,0.25,0.75,0.15,0.15,0.15,0.7,0.25,0.2,0.25,0.45,0.4,0.2,0,0.5,0.4,0.3,0.2,0.25,0.35,0.05,0.35,0.4,0.3,0.25,0.5,0.35
P337,0.29,0.71,0.29,0,0,0.86,0.29,0.29,0,0.29,0,0.86,0.57,0.43,1,0.14,1,0.29,0.71,0.43,0.29,0.43,0.71,0.43,0.43,0.57,0.57,0,0.29,0.43,0,0.29,0.14,0.57,0.43,0.43,0.57,0.57,0.14,0,0.14,0.71,0.86,0.71,0,0.43,0.71,0.29,0.43,1,0,0.29
P359,0.22,0.44,0.22,0.44,0.33,0.44,0.11,0.67,0.56,0.33,0.89,0.22,0.56,0.56,0.33,0.22,0.56,1,0.44,0.22,0.56,0.89,1,0.22,1,0.56,0.56,0,0.33,0.33,0.33,0.22,0.33,0.22,0.44,0.67,0.22,0.78,0.11,0.22,0,0.56,0.56,0.56,0.44,0.44,0.22,0.33,0.78,0.56,0.56,0.89
P364,0.26,0.61,0.26,0.17,0.3,0.61,0.17,0.48,0.26,0.39,0.22,0.26,0.52,0.39,0.65,0.61,0.65,0.35,0.65,0.22,0.26,0.52,0.57,0.3,0.65,0.61,0.17,0.17,0.22,0.39,0.22,0.17,0.35,0.04,0.3,0.3,0.35,0.43,0.3,0.09,0,0.48,0.26,0.17,0.43,0.57,0.3,0.52,0.57,0.35,0.35,1
P365,0.56,0.44,0.44,0,0.44,0.11,0.78,0.67,0.22,0.22,0.11,0.33,0.22,0.78,0.44,0.33,0.11,0.44,0.22,1,0.11,0.67,0,0.22,0.11,0.22,0,0.22,0.11,0.11,0,0.22,0.11,0.33,0.44,0.11,0.22,0.67,0.11,0.22,0.67,0.11,0.22,0,0.33,0.44,0.11,0,0.44,0.22,0.11,0.67
P369,0.25,0.13,0.13,0.25,0.25,0.75,0.13,0.5,0.38,0.13,1,0.38,0.13,0.63,0.63,0.63,0.63,0.75,0.25,0.63,0.5,0.5,0.63,0.38,0.88,0.75,0.63,0.25,0,0,0.13,0.5,0,0.5,0,0.63,0.13,0,0.13,0.75,0,0.5,0.38,0.38,0.13,0.25,0.13,0.38,0,0.13,0.75,0.25
P392,0.2,0.2,0.6,0.4,0.4,0.3,0.3,0.3,0.6,0.7,0.3,0.1,0.3,0,0.3,0.6,0.3,0.3,0.5,0.4,0.7,0.9,0.7,0.1,1,0.4,0.3,0.2,0.2,0.6,0.2,0.6,0.4,0.2,0.3,0.5,0.7,0.5,0.6,0.7,0.1,0.2,0.5,0.2,0.2,0.3,0.5,0.6,0.6,0.9,0.8,0.9
P397,0.41,0.24,0.29,0.59,0.24,0.41,0.53,0.47,0.47,0.29,0.24,0.47,0.18,0.76,0.53,0.29,0.41,0.76,0.82,0.35,0.82,0.53,0.47,0.59,0.88,1,0.18,0.12,0.12,0.53,0.06,0.29,0.24,0.06,0.35,0.12,0.35,0.18,0.53,0.24,0.35,0.65,0.35,0.35,0.12,0.53,0.24,0.18,0.12,0.59,0,0.47
P398,0.59,0.47,0.35,0.24,0.59,0.24,0.41,0.59,0.41,0.41,0.35,0.41,0.59,0.47,0.29,0.71,0.41,0.53,1,0.71,0.47,0.65,0.53,0.94,0.94,1,0.35,0.18,0.41,0.12,0.24,0.59,0.53,0.12,0.53,0.18,0.47,0.29,0.18,0.06,0.18,0.76,0.53,0.12,0,0.35,0.65,0.94,0.41,0.59,0.59,0.82
P399,0.57,0.29,0.14,0.19,0.14,0,0.62,0.48,0.33,0.76,0.48,0.24,0.38,0.38,0.48,0.43,0.05,0.29,0.62,0.33,0.57,0.76,0.52,0.52,1,0.71,0.29,0.29,0.05,0,0.14,0.1,0.19,0.24,0.14,0.48,0.19,0.1,0.43,0.43,0.1,0.43,0.05,0.38,0.43,0.38,0.29,0.52,0.24,0.43,0.62,0.86
P400,0.56,0.2,0.52,0.4,0.64,0.56,0.36,0.2,0.24,0.56,0.08,0.2,0.2,0.28,0.32,0.44,0.32,0.68,0.16,0.8,0.16,0.72,0.92,0.88,0.76,1,0,0,0.08,0.36,0.04,0.24,0.12,0.12,0.24,0.16,0.12,0.2,0.36,0.44,0.64,0.28,0.68,0.12,0.48,0.52,0.28,0.6,0.24,0.52,0.72,0.52
P403,0.24,0.05,0.24,0.1,0.24,0.52,0.48,0.52,0.48,0.33,0.29,0.62,0.48,0.62,0.67,0.1,0.48,0.29,0.67,0.33,1,0.86,0.38,0.76,0.71,0.52,0.38,0.38,0.14,0.05,0.48,0.43,0.29,0.38,0.29,0.24,0.33,0.24,0.52,0.33,0.38,0.48,0.24,0.24,0,0.24,0.48,0.52,0.81,0.43,0.76,0.86
P404,0.53,0.33,0.27,0.4,0.53,0.2,0.47,0.67,0.33,0.53,1,0.27,0.47,0.2,0.47,0.4,0.33,0.27,0.27,0.2,0.47,0.73,0.53,0.73,0.93,0.73,0.47,0.2,0.4,0.07,0.2,0.6,0.27,0.2,0.13,0.67,0,0.13,0.53,0.4,0.2,0.27,0.13,0.13,0.27,0.2,0.27,0.6,0.33,0.73,0.73,0.67
P405,0.59,0.21,0.34,0.55,0.41,0.41,0.38,0.17,0.76,0.14,0.66,0.62,0.55,0.66,0.21,0.38,0.34,0.93,0.48,0.34,0.48,0.48,0.66,0.62,0.9,1,0.24,0.21,0.17,0.14,0.17,0,0.14,0.41,0.45,0.45,0.24,0.34,0.17,0.24,0.62,0.31,0.41,0.62,0.28,0.41,0.41,0.24,0.59,0.55,0.59,0.86
P406,0.04,0.29,0.5,0.42,0.38,0.54,0.25,0.5,0.38,0.29,0.33,0.25,0.63,0.04,0.42,0.42,0.38,0.21,0.54,0.63,0.42,0.46,0.25,0.54,0.54,1,0.21,0,0,0.08,0.25,0.13,0.25,0.08,0.38,0.13,0.29,0.13,0.17,0.38,0.33,0.38,0.46,0.21,0.5,0.25,0.46,0.29,0.25,0.5,0.46,0.79
P407,0.59,0.64,0.05,0.45,0.32,0.77,0.45,0.32,0.64,0.64,0.64,0.36,1,0.45,0.41,0.36,0.32,0.77,0.41,0.45,0.64,0.68,0.68,0.41,0.73,0.32,0.32,0,0.09,0.5,0.45,0.05,0.18,0.64,0,0.36,0.27,0.41,0.55,0.18,0.27,0.73,0.32,0.5,0.14,0.32,0.18,0.18,0.5,0.36,0.82,0.45
P408,0.16,0.32,0.21,0.26,0.47,0.21,0.32,0.42,0.63,0.63,0.11,0.37,0.37,0.42,0.63,0.37,0.58,0.32,0.89,0.16,0.79,0.16,0.47,0.84,1,0.74,0.26,0.42,0.11,0.32,0,0.53,0.32,0.21,0.53,0.32,0.05,0.16,0.16,0.47,0.32,0.47,0.53,0.53,0.37,0.32,0.53,0.63,0.53,0.63,0.53,0.89
P409,0.38,0.5,0.3,0.4,0.24,0.32,0.26,0.3,0.52,0.46,0.42,0.04,0.4,0.3,0.22,0.5,0.58,0.88,0.58,0.44,0.82,0.52,0.5,0.98,0.82,0.82,0.14,0.04,0.4,0,0.12,0.14,0.16,0.1,0.22,0.22,0.26,0.48,0.02,0.24,0.48,0.22,0.46,0.36,0.22,0.32,0.42,0.46,0.46,0.36,0.68,1
P410,0,0.27,0.38,0.12,0.46,0.38,0.38,0.23,0.62,0.35,0.46,0.38,0.35,0.35,0.23,0.46,0.5,1,0.46,0.81,0.73,0.65,0.5,0.54,0.81,0.58,0.08,0.19,0.12,0.23,0.19,0.19,0.08,0.42,0.54,0,0.15,0.38,0.38,0.27,0.15,0.5,0.42,0.31,0.27,0.5,0.5,0.54,0.62,0.62,0.46,0.96
P411,0.27,0.31,0.12,0.04,0.54,0.19,0.54,0.23,0.19,0.35,0.31,0.35,0.08,0.27,0.23,0.35,0.54,0.5,0.54,0.15,0.54,0.5,0.58,1,0.54,0.58,0.15,0.35,0.15,0.08,0.31,0.35,0,0.04,0.19,0.08,0.19,0.15,0.23,0.35,0.27,0.12,0.38,0.12,0.04,0.35,0.08,0.35,0.46,0.38,0.58,0.5
P412,0.43,0.14,0.43,1,0.57,0.29,0.14,0,0,0.57,0.14,0.14,0.71,0.43,0.57,0.71,0.43,0.71,0.14,0,0.29,0.57,0.29,0.29,0.71,0.57,0.14,0,0.29,0.71,0.43,0.57,0,0.29,0.14,0.14,0.29,0.29,0.43,0.14,0,0.86,0.43,0,0.57,0.43,0.29,0.71,0.29,0.14,0.29,0.43
P413,0.18,0.29,0.41,0.35,0.65,0.59,0.53,0.29,0.35,0.18,0.47,0.47,0.65,0.47,0.53,0.76,0.65,0.47,0.65,0.65,0.65,0.53,1,0.71,0.65,0.71,0.06,0.12,0.24,0.06,0.59,0.24,0.12,0,0.59,0.47,0.41,0.41,0.47,0.47,0.65,0.12,0.29,0.65,0.24,0.41,0.59,0.59,0.59,0.94,0.94,0.88
P429,0.79,0.42,0.42,0.47,0.32,0.53,0.37,0.42,0.47,0.47,0.32,0.26,0.47,0.16,0.42,0.68,0.47,0,1,0.37,0.42,0.42,0.58,0.63,0.68,0.63,0.26,0.42,0.26,0.11,0.11,0.21,0.32,0.47,0.58,0.32,0.16,0.32,0.11,0.37,0.47,0.37,0.47,0.37,0.42,0.16,0.37,0.47,0.32,0.63,0.53,0.53
P430,0.42,0.16,0.47,0.37,0.53,0.37,0.47,0.32,0.37,0.42,0.26,0.58,0.58,0,0.21,0.16,0.21,0.37,0.74,0.68,0.26,0.63,0.58,0.47,0.84,0.47,0.21,0.21,0.21,0.16,0.26,0.21,0.42,0.16,0.32,0.53,0.32,0.26,0.21,0.37,0.37,0.32,0.21,0.21,0.37,0.37,0.32,0.42,0.68,0.32,1,0.79
P431,0.15,0.38,0.23,0.08,0.31,0.38,0.54,0.54,0.54,0.46,0.54,0.46,0.92,0.23,0,0.31,0.38,0.54,0.62,0.62,0.54,0.77,0.69,0.62,0.85,0.77,0,0.31,0.23,0.23,0.23,0.08,0.15,0.46,0,0.62,0.23,0.23,0.31,0.38,0.31,0,0.38,0.54,0.23,0.31,0.38,0.31,0.31,0.46,0.38,1
P432,0.22,0.28,0.22,0.17,0.22,0.17,0,0.39,0.33,0.33,0.22,0.33,0.44,0.28,0.5,0.28,0.11,0.11,0.28,0.56,0.61,0.44,0.72,0.22,0.94,0.5,0.28,0.06,0.22,0.06,0.17,0.06,0.39,0,0.39,0.17,0.39,0.22,0.61,0.22,0.17,0.33,0.33,0.39,0.44,0.33,0.56,0.17,0.33,1,0.39,0.67
P433,0.07,0.2,0.27,0.13,0.07,0.07,0,0.27,0.13,0.27,0.33,0.27,0.07,0.4,0.2,0.27,0.07,0.13,0.13,0.13,0.07,0.27,0.6,0.47,0.33,0.27,0,0,0.07,0.2,0.13,0.2,0.13,0.13,0.13,0.2,0.13,0.07,0.6,0.4,0.07,0,0.07,0.27,0.33,0.07,0.13,0.2,0.13,0.4,0.13,1
P435,0.64,0.44,0.48,0.48,0.36,0.32,0.64,0.2,0.32,0.6,0.4,0.48,0.4,0.48,0.96,0.52,0.48,0.32,0.6,0.96,0.52,0.36,1,0.56,0.44,0.68,0.52,0.52,0.4,0.44,0.36,0.2,0.64,0.72,0.52,0.32,0.4,0.12,0.2,0.6,0,0.48,0.12,0.32,0.68,0.4,0.72,0.2,0.32,0.08,0.44,0.92
P436,0.52,0.13,0.17,0.43,0.35,0.17,0.3,0.52,0.17,0.3,0.43,0.04,0.09,0.48,0.43,0.52,0.39,0.22,0.48,0.26,0.39,0.13,0.35,0.43,1,0.48,0.22,0.39,0,0.22,0.09,0.39,0.09,0.17,0.13,0.22,0.26,0.17,0.17,0.3,0.13,0.09,0.17,0.17,0.61,0.17,0.13,0.43,0.35,0.13,0.61,0.52
P484,0.22,0.44,0.22,0.56,1,0.44,0.11,0,0.33,0,0.44,0.78,1,0.33,0.67,0.11,0.78,0.11,0.56,0.22,0.33,0.33,0.78,0.22,0.33,0.33,0.44,0.22,0.11,0,0.22,0.89,0.44,0.22,0.56,0,0.11,0.44,0.11,0.11,0.22,0.44,0.56,0.22,0.56,0.11,0.44,0.22,0.56,0.78,0.78,0.11
P485,0.92,0.42,0.33,0.58,0.67,0.67,0.75,0.75,0.67,0.42,0.75,0.17,0.92,0.17,0.75,0.5,0.83,0.75,0.33,0.42,0.5,0.42,0.42,0.5,0.42,0.67,0.42,0.25,0.25,0.33,0.5,0.33,0.33,0.17,0.25,0.5,0.5,0.5,0.25,1,0,0.17,0.5,0.42,0.5,0.25,0.42,0.58,0,0.33,0.58,0.33
P486,0.33,1,0.76,0.1,0.67,0.48,0.86,0.29,1,0.67,0.48,0.62,0.33,0.38,0.48,0.52,1,0.29,0.71,0.29,0.43,0.33,0.29,0.67,0.52,0.52,0.29,0.1,0,0.14,0.57,0.81,0.52,0.14,0.33,0.24,0.1,0.29,0.71,0.24,0.48,0.52,0.48,0.24,0.43,0.19,0.38,0.29,0.1,0.19,0.43,0.52
P487,0.07,0.29,0.64,0.43,0.57,0.29,0.21,0.43,0.64,0.36,0.29,0.71,0.93,0.29,0.57,0.5,0.86,0.29,0.71,0.79,0.79,0,0.93,0.71,0.5,0.86,0,0.29,0.36,0.36,0.29,0.29,0.5,0.43,0.71,0.29,0.21,0.71,0.43,0.29,0.14,0,0.21,0.36,0.14,0.57,0.29,0.5,0.14,0.07,0.14,1
P488,0.35,0.41,0.35,0.29,0.29,0.59,0.71,0.47,0.29,0.35,0.35,0.41,0.47,0.82,0.24,0.35,0.82,0.88,0.65,0.35,0.47,0.71,0.53,0.35,0.47,0.59,0.29,0.06,0.29,0.65,0.59,0.18,0.24,0,0.47,0.12,0.29,0.12,0.35,0.18,0.35,0.35,0.35,0.29,1,0.29,0.18,0.24,0.24,0.24,0.41,0.29
P490,0.25,0.31,0.25,0.63,0.69,0.44,0.19,0.06,0.69,0.56,0.44,0.06,0.56,1,0.44,0.31,0.38,0.31,0.56,0.5,0.38,0.19,0.13,0.63,0.44,0.94,0.25,0.25,0.13,0.31,0.25,0.44,0.13,0.5,0.25,0.38,0.13,0.44,0.31,0,0.44,0.38,0.5,0.5,0.38,0.06,0.75,0.75,0.38,0.56,0.56,0.25
P491,0.45,0.5,0.85,0.65,0.45,1,0.65,0.65,0.15,0.1,0.2,0.9,0.05,0.25,0.7,0.25,0.75,0.9,0.6,0.35,0.3,0.45,0.55,0.25,0.3,0.4,0.2,0,0.2,0.3,0.05,0.3,0,0.35,0.35,0.3,0.15,0.6,0.15,0.3,0.2,0.1,0.4,0.6,0.35,0.3,0.55,0.1,0.45,0.3,0.55,0.55
P492,0.37,0.63,0.63,0.58,0.16,0.74,0.37,0.58,0.32,0.42,0.32,0.79,0.11,0.37,0.74,0.37,0.32,0.37,0.47,0.26,0.63,0.89,1,0.42,0.95,0.42,0.11,0.21,0.53,0.26,0,0.42,0.63,0.84,0.16,0.32,0.74,0.32,0.32,0.26,0.47,0.37,0.32,0.16,0.68,0.47,0.53,0.37,0.63,0.74,0.32,0.42
P493,0.31,0.31,0.5,0.06,0.44,0.38,0.5,0.38,0.5,0.81,0.5,0.44,0.31,0.81,0.44,0.69,0.31,0.38,0.56,1,0.25,0.5,0.88,0.25,0.25,0.88,0.13,0.31,0.25,0.25,0.31,0.13,0.19,0.19,0.44,0.44,0.56,0.44,0.63,0.31,0.56,0.38,0.44,0.44,0.31,0,0.5,0.38,0.5,0.38,0.44,0.31
P494,0.08,0.35,0.31,0.42,0.46,0.58,0.19,0.54,0.27,0.31,0.15,0.15,0.58,0.27,0.27,0.65,0.35,0.15,0.35,0.23,0.65,0.31,0,0.35,1,0.38,0,0.04,0.12,0.42,0.15,0.27,0.35,0.42,0.42,0.46,0.23,0.23,0.19,0.15,0.15,0.27,0,0.38,0.15,0.31,0.12,0.46,0.19,0.15,0.15,0.42
P495,0.42,0.38,0.85,0.35,0.54,0.27,0.31,0.23,0.46,1,0.58,0.42,0.19,0.73,0.69,0.46,0.54,0.42,0.54,0.31,0.23,0.38,0.5,0.46,0.5,0.92,0.27,0.38,0,0.5,0.19,0.15,0.42,0.12,0.31,0.19,0.35,0.31,0.31,0.31,0.62,0.42,0.54,0.38,0.31,0.19,0.23,0.42,0.35,0.46,0.62,0.73
P496,0.13,0,0.63,0.5,0.44,0.38,1,1,0.13,0.44,0.44,0.63,0.63,0.44,0.38,0.19,0.38,0.25,0.25,0.63,0.25,0.56,0.63,0.44,0.38,0.75,0.19,0.31,0.31,0.19,0.25,0,0.25,0,0,0.06,0.44,0.13,0.19,0.5,0.19,0.19,0.63,0.63,0.56,0.44,0.19,0.5,0.25,0.63,0.13,0.5
P497,0.5,0.38,0.38,0.25,0.13,0.13,0.13,0.63,0.5,0.38,0.38,0.88,0.75,1,0.25,0.75,0.63,0.13,0.63,0.38,0,0,0.25,0.88,0.63,1,0.25,0.5,0.13,0.25,0.38,0.13,0.63,0.5,0.5,0.13,0.63,0.25,0.25,0.13,0.63,0.13,0.75,0.38,0.25,0.75,0.38,0.63,0.38,0.88,0.5,0.38
P498,0.43,0.43,0.71,1,1,0,0.71,0.57,0.86,1,0.14,0.71,0.57,0.57,0.29,0.29,0.29,0.57,0.29,0.14,0.57,0,0.43,0.57,0.86,0.14,0.29,0.43,0.29,0.14,0.57,0.57,0.29,0.14,0.29,0.71,0.71,0.14,0.29,0.29,0,0.29,0,0,0,0,0.57,0.43,0.29,0.57,0.14,0.43
P499,0.56,0.69,0.63,1,0.38,0.44,0.75,0.44,0.38,0.25,0.5,0.69,0.38,0.31,0.44,0.25,0.75,0.44,0.5,0.13,0.81,0.38,0.44,0.75,0.5,0.5,0.69,0.31,0.31,0.25,0.19,0.44,0.25,0.25,0.38,0.19,0,0.5,0.5,0.38,0.31,0.25,0.38,0.19,0.25,0.25,0.38,0.44,0.63,0,0.5,0.63
P500,0.55,0.55,0.09,0.18,1,0.64,0.27,0.36,0.73,0.55,0.73,0.18,0.91,0.36,0.82,0.45,0.27,0.36,0.55,0.09,0.36,0.45,0.18,0.64,0.55,0.18,0.36,0.45,0.27,0.36,0.55,0.45,0.18,0.18,0.55,0.36,0.18,0.55,0.45,0.18,0.18,0,0.27,0.36,0.27,0.09,0.18,0.27,0.09,0.27,0.55,0.36
P501,0.3,0.4,0.3,0.1,0.5,0.4,0.5,1,0.1,0.4,1,0.1,0.7,0.3,0,0.8,0.6,1,0.3,0.1,0.6,1,0.5,0.7,0.4,0.5,0.7,0.3,0.1,0.2,0.4,0.2,0.3,0.2,0.6,0.3,0.1,0.2,1,0,0.4,0.1,0.3,0.3,0,0.3,0.8,0.4,0.3,0.1,0.4,0.7
P502,0.42,0.63,0.84,0.63,0.58,0.42,0.47,0.42,0.68,0.63,0.53,0.42,0.53,0.37,0.26,0.37,0.89,0.79,0.53,0.58,0.26,0.11,0.74,0.42,0.95,0.79,0,0.63,0.32,0.32,0.47,0.74,0.26,0.11,0.53,0.11,0.53,0.58,0.58,0.42,0.63,0.47,0.42,0.26,0.26,0.05,0.42,0.53,1,0.74,0.79,0.63
P503,0.26,0.45,0.32,0.26,0.55,0.58,0.16,0.23,0.29,0.23,0.58,0.29,0.23,0.58,0.26,0.29,0.06,0.23,0.48,0.55,0.39,0.26,0.39,0.39,1,0.45,0.06,0.23,0,0.19,0.16,0.1,0.39,0.19,0.29,0.26,0.32,0.23,0.23,0.16,0.35,0.39,0.29,0.26,0.35,0.29,0.71,0.35,0.48,0.55,0.68,0.52
P504,0.35,0.53,0.41,0.06,0.53,0.47,0.71,0.47,0.65,0.47,0.41,0.53,0.53,0.24,0.41,1,0.18,0.76,0.53,0.29,0.71,0.53,0.35,0.65,0.71,0.35,0.65,0.18,0.35,0.06,0.12,0.47,0.59,0.06,0.24,0.24,0.29,0.29,0.47,0,0.18,0.24,0.12,0.35,0.76,0.29,0.41,0.59,0.41,0.53,0.82,0.47
P505,0.79,0,0.5,0.83,0.63,0.46,0.5,0.54,0.58,0.54,0.5,0.38,0.58,0.54,0.5,0.5,0.67,0.5,0.5,0.38,0.63,0.63,0.75,0.42,0.58,0.83,0.46,0.29,0.33,0.21,0.17,0.25,0.17,0.46,0.25,0.38,0.5,0.46,0.63,0.54,0.25,0.21,0.67,0.29,0.29,0.46,0.33,0.21,0.71,0.5,1,0.29
P506,1,0.63,0.26,0.37,0.63,0.79,1,0.63,0.63,0.74,0.21,0.95,0.37,0.84,0.37,0.42,0.68,0.42,0.47,0.47,0.89,0.47,0.16,0.74,0.42,0.74,0.26,0.11,0.05,0.53,0.26,0.16,0.37,0.11,0.11,0.37,0.26,0.21,0.26,0,0.58,0.05,0.16,0.26,0,0,0.37,0.53,0.42,0.32,0.74,0.47
P507,0.17,0.7,0.17,0.53,0.1,0.3,0.4,0.5,0.4,0.4,0.47,0.43,0.4,0.6,0.37,0.33,0.47,0.43,0.6,0.27,0.63,0.5,0.7,1,0.73,0.57,0,0.13,0.1,0.33,0.17,0.37,0.17,0.3,0.17,0.23,0.4,0.23,0.17,0.27,0.13,0.33,0.3,0.03,0.27,0.2,0.1,0.27,0.23,0.53,0.43,0.73
P508,0.43,0.5,0.43,0.64,0.57,1,0.07,0.5,0.36,0.5,0.29,0.43,0.64,0.29,0.64,0.43,0.29,0.21,0.64,0.79,0.14,0.43,0.64,0.71,0.79,0.5,0,0.21,0.5,0.79,0.07,0.36,0.36,0.43,0.21,0.57,0.21,0.43,0.14,0.36,0.07,0.29,0.29,0.57,0.14,0.29,0.07,0.29,0.36,0.14,0.79,0.64
P509,0.64,0.27,0.27,0,0.64,0.09,1,0.18,0.27,0.45,0.18,0.36,0.45,0.36,0.45,0.18,0.45,0.36,0.18,0.18,0.55,0.36,0.27,0.91,0.82,0.18,0.27,0,0.18,0.18,0.18,0.09,0.09,0.36,0.36,0.36,0.18,0.36,0.45,0.45,0.18,0.18,0.27,0.09,0.27,0.18,0.64,0.27,0.45,0.27,0.45,0.36
P510,0.54,0.15,0.62,0.31,0.23,0.69,0.62,0.31,0.31,0.54,0.54,0.46,0.69,0.38,0.38,0.46,0.38,0.54,0.23,0.85,0.62,0.38,0.77,0.23,0.77,1,0.46,0.08,0.23,0.15,0.15,0,0.23,0.23,0.62,0.08,0.46,0.08,0.23,0.38,0.31,0.15,0.23,0.46,0.62,0.08,0.31,0.15,0.38,0.62,0.54,0.92
P511,0.35,0.27,0.54,0.65,0.15,0.42,0.58,0.38,0.19,1,0.23,0.54,0.65,0.42,0.46,0.62,0.58,0.46,0.35,0.42,0.58,0.12,0.04,0.46,0.65,0.85,0.31,0.35,0.31,0.12,0.23,0.08,0.35,0,0.08,0.04,0.27,0.15,0.27,0.31,0.38,0.19,0.23,0.12,0.19,0.12,0.23,0.19,0.35,0.19,0.12,0.46
P512,0.33,0.33,0.3,0.3,0.7,0.37,0.33,0.33,0.3,0.44,0.48,0.22,0.41,0.07,0.37,0.67,0.44,0.33,0.63,0.22,0.44,0.7,0.48,0.78,0.93,0.81,0.15,0,0.15,0.15,0.44,0.11,0,0.22,0.33,0.22,0.33,0.26,0.15,0.26,0.33,0.37,0.07,0.22,0.52,0.52,0.41,0.44,0.41,0.78,0.67,1
P513,0.75,0.8,0.9,0.7,0.9,0.5,0.15,0.8,0.85,0.7,0.55,0.85,0.45,0.55,0.75,0.8,1,0.5,0.65,0.65,0.3,0.6,0.7,0.65,0.9,0.25,0.4,0.1,0.4,0.5,0,0.2,0.5,0.85,0.45,0.65,0.2,0.55,0.05,0.15,0.4,0.5,0.35,0.3,0.5,0.45,0.55,0.5,0.55,0.25,0.6,0.75
P514,0.18,0.59,0.53,0.41,0.29,0.88,0.18,0.47,0.71,0.18,0.29,0.65,0.29,0.53,0.24,1,0.47,0.53,0.35,0.24,0.53,0.53,0.29,0.53,0.71,0.94,0.71,0.35,0.41,0.18,0.12,0.06,0.18,0.41,0.29,0.88,0.35,0,0.24,0.24,0.47,0.94,0.24,0.65,0.35,0.41,0.29,0.53,0.47,0.18,0.53,0.71
P515,0.46,0.85,0.85,0.77,0.62,0.31,0.31,0.38,0.15,0.54,0.54,0.46,0.15,0.15,1,0.54,1,0.62,0.23,0.23,0.62,0.31,0.62,0.85,0.77,0.69,0.54,0.46,0.31,0.08,0.31,0.31,0.23,0.31,0,0.23,0,0.08,0.38,0,0.38,0.23,0.15,0.31,0.08,0.15,0.15,0.54,0.23,0.38,0.31,0.62
P516,0.68,0.41,0.27,0.55,0.5,0.45,0.55,0.73,0.55,0.18,1,0.5,0.64,0.41,0.32,0.41,0.27,0.73,0.64,0.73,0.77,0,0.64,0.64,0.59,0.77,0.27,0.32,0.27,0.5,0.18,0.27,0.32,0.36,0.45,0.18,0.23,0.36,0.36,0.27,0.59,0.23,0.64,0.14,0.18,0.14,0.55,0.45,0.09,0.5,0.5,0.5
P517,0.65,0.65,0.45,0.45,0.9,0.7,0.4,0.55,0.4,0.55,0.45,0.4,0.65,0.75,0.2,1,0.55,0.45,0.55,0.5,0.75,0.4,0.8,0.5,0.8,0.55,0.15,0.4,0.05,0.25,0.6,0.3,0.45,0.25,0.2,0.25,0.55,0.5,0.9,0.35,0.25,0.4,0.35,0,0.5,0.45,0.15,0.4,0.5,0.6,0.5,0.6
P518,0.8,0.2,0.73,0.6,0.53,1,0.33,0.4,0.73,0.27,0.8,0.8,0.4,0.87,0.53,0.4,0.4,0.53,0.13,0.67,0.47,0.47,0.53,0.73,0.53,0.87,0.2,0.13,0.6,0.07,0.4,0.27,0.13,0.33,0.4,0.4,0.2,0.6,0.33,0.27,0.13,0.27,0.13,0.73,0.07,0,0.07,0.4,0.13,0.4,0.8,0.93
P519,1,0.85,0.46,0.46,0.73,1,0.65,0.54,0.88,0.73,0.46,0.77,0.69,0.88,0.15,0.85,0.88,0.77,0.46,0.73,0.62,0.58,0.69,0.42,0.54,0.81,0.46,0.46,0.35,0.27,0.19,0.46,0.23,0.65,0.46,0.42,0,0.46,0.65,0.42,0.77,0.65,0.54,0.46,0.81,0.46,0.35,0.12,0.46,0.12,0.69,0.65
P520,0.32,0.47,0.42,0.68,0.26,0.32,0.79,0.47,0.79,0.58,0.53,0.58,0.58,0.63,0.47,0.53,0.63,0.79,0.47,0.79,0.26,0.84,0.53,0.47,0.58,0.63,0.21,0,0.47,0.42,0.42,0.32,0.53,0.58,0.53,0.32,0.26,0.11,0.26,0.16,0.26,0.42,0.58,0.42,0.53,0.42,0.26,0.32,0.47,0.79,0.63,1
P521,0.28,0.61,0.61,0.44,0.61,0.5,0.17,0.17,0.22,1,0.56,0.56,0.39,0.22,0.83,0.22,0.17,0.61,0.17,0.33,0.44,0.83,0.67,0.33,0.39,0.44,0.22,0.33,0.11,0.33,0.06,0.33,0.5,0.44,0,0.28,0.28,0.39,0.5,0.22,0.5,0.67,0.67,0.22,0.39,0.39,0.22,0.5,0.39,0.11,0.33,0.39
P522,0.53,0.73,0.8,0.4,1,0.47,0.33,0.13,0.4,0.2,1,0.67,0.47,0.6,0.53,0.33,0.73,0.6,0.4,0.4,0.4,0.73,0.33,0.47,0.6,0.93,0.07,0.33,0.33,0.47,0,0.6,0.73,0,0.4,0.27,0.4,0.53,0.53,0.27,0.53,0.2,0.4,0.13,0.13,0.07,0.6,0.2,0.2,0.33,0.87,0.33
P523,0.21,0.64,0.5,0.79,0.93,0.29,0.79,1,0.36,0.36,1,0.29,0.43,0.86,0.5,0.43,1,0.36,0.57,0.36,0.79,0.71,0.64,0.57,0.71,0.71,0.21,0,0.21,0.14,0.21,0.21,0.21,0.21,0.29,0.57,0.29,0.21,0.14,0.43,0.79,0.14,0.29,0.36,0.21,0.36,0.29,0.29,0.36,0.5,0.36,0.57
P524,0.58,0.32,0.37,0.21,0.42,0.26,0.26,0.16,0.42,0.37,0.37,0.89,1,0.63,0.16,0.58,0.37,0.37,0.68,0.47,0.37,0.47,0.47,0.47,0.32,0.58,0.26,0.32,0.05,0.42,0.42,0,0.21,0.16,0.42,0.21,0.21,0.11,0.16,0.21,0.05,0.68,0.53,0.32,0.42,0.37,0.26,0.11,0.32,0.26,0.26,0.47
P525,0.65,0.47,0.65,0.65,0.06,0.18,0.59,0.35,1,0.71,0.41,0.47,0.35,0.59,0.53,0.76,0.41,0.59,0.35,0.59,0.59,0.59,0.59,0.65,0.94,0.47,0.47,0.47,0.35,0.18,0.65,0.18,0.53,0.47,0.24,0.65,0.53,0.41,0.47,0.76,0,0.24,0.35,0.47,0.53,0.47,0.47,0.24,0.47,0.29,0.65,0.41
P526,0.04,0.19,0.27,0.38,0.27,0.08,0.08,0.35,0.46,0.23,0.27,0.46,0.15,0.12,0.46,0.35,0.38,0.62,0.27,0.42,0.58,0.46,0.69,0.58,1,0.65,0.04,0.12,0.19,0.23,0,0.08,0.31,0.23,0.12,0,0.08,0.35,0.19,0.35,0.12,0,0.15,0.08,0.12,0.58,0.46,0.12,0.35,0.31,0.31,0.73
P527,0.14,0.93,0.43,0.64,0.29,0.79,0.71,0.86,0.21,0.86,0.57,0.43,0.14,0.79,0.79,0.21,0.43,0.5,0,0.57,0.21,0.57,0.36,0.14,0.57,0.36,0.14,0.36,0,0.14,0.43,0.07,0.36,0.29,0.5,0.43,0.5,0.43,0.29,0,0.21,0.86,0.21,0.36,0.07,1,0.57,0.43,0.14,0.14,0.93,0.43
P528,0.35,0.35,0.4,0.15,0.55,1,0.6,0.45,0.75,0.65,0.35,0.8,0.75,0.4,0.4,0.6,0.4,0.45,0.5,0.45,0.45,0.75,0.35,0.8,0.85,0.7,0.05,0.15,0.5,0,0.4,0.1,0.35,0.4,0.25,0.3,0.15,0.4,0.4,0.35,0.15,0.35,0.6,0.2,0.2,0.65,0.25,0.4,0.6,0.45,0.5,0.7
P529,0.6,0.87,0.73,0.47,0.6,0.67,0.6,0.4,0.73,0.2,0.8,0.8,1,0.73,0.8,0.67,0.33,0.87,0.67,0.2,1,0.53,0.6,0.87,1,0.47,0,0.47,0.4,0.4,0.4,0.8,0.4,0.8,0.47,0.73,0.13,0.4,0.53,0.47,0.47,0.33,0.47,0.6,0.47,0.87,0.47,0.2,0.6,0.73,0.47,0.73
P530,0.78,0.28,0.89,0.44,0.5,0.78,0.5,0.61,0.44,0.83,0.56,0.78,0.22,0.44,0.44,0.56,0.67,0.72,0.5,0.61,0.89,1,0.83,0.89,0.89,0.83,0.44,0.06,0.06,0.22,0.17,0.28,0.44,0.72,0,0.5,0.17,0.5,0.33,0.44,0.72,0.5,0.61,0.56,0.56,0.5,0.44,0.5,0.44,0.44,0.89,0.83
P531,0.33,0.78,0.22,0.11,0.33,0.44,0.22,0.56,0.22,0.22,0.44,0.44,0.78,0.22,1,0.33,0.44,0.44,0.22,0.89,0.22,0.44,0.33,0.22,0.33,0.89,0.44,0.56,0.44,0.89,0.22,0.11,0.56,0.33,0.44,0.33,0.44,0.33,0.22,0.67,0.33,0.89,0.22,0.44,0,0.44,0.67,0.44,0.44,0.56,0.33,0.56
P532,0.8,0.13,0.47,0.33,0.6,0.33,0.33,0.2,0.8,0.07,0.4,0.27,0.27,1,0.73,0.2,0.4,0.33,0.13,0.27,0.4,0.67,0.73,0.73,0.93,0.6,0.27,0.13,0.27,0.13,0.2,0.13,0.67,0.2,0.6,0.4,0.4,0.27,0.73,0,0.4,0.27,0.27,0.4,0.07,0.4,0.4,0.6,0.2,0.47,0.33,0.8
P533,0.55,0.72,0.31,0.86,0.28,0.55,0.59,0.38,0.52,0.38,0.38,0.41,0.59,0.86,1,0.48,0.59,0.34,0.38,0.48,0.79,0.28,0.52,0.24,0.55,0.59,0.41,0.28,0.24,0.1,0.14,0.28,0.38,0.34,0.41,0.1,0.28,0.21,0.41,0.03,0.34,0.38,0.24,0.28,0.41,0.24,0.21,0.34,0,0.52,0.59,0.9
P534,0.24,0.47,0.41,0.29,0.29,0.41,0.35,0.35,0.65,0.53,0.35,0.18,0.29,0.41,0.47,0.29,0.47,0.94,0.82,0.65,0.59,0.29,0.47,0.41,1,0.88,0.18,0.35,0.59,0.06,0.06,0.53,0.47,0.29,0.29,0.47,0.41,0.35,0.29,0.35,0,0.12,0.24,0.24,0.71,0.41,0.24,0.59,0.47,0.53,0.41,0.47
P535,0.29,0.65,0.16,0.29,0.42,0.29,0.32,0.42,0.42,0.55,0.58,0.58,0.42,0.65,0.42,0.32,0.45,0.55,0.45,0.1,0.23,0.55,0.71,0.68,0.65,0.68,0,0.26,0.23,0.06,0.39,0.32,0.29,0.35,0.03,0.39,0.23,0.35,0.1,0.32,0.32,0.32,0.19,0.39,0.23,0.16,0.45,0.45,0.65,0.65,0.61,1
P536,0.58,0.32,0.53,0.53,0,0.95,0.47,0.42,0.47,0.32,0.16,0.47,0.42,0.53,0.32,0.58,0.79,0.63,0.53,0.37,0.21,0.58,0.89,0.84,0.68,0.63,0.42,0.05,0.21,0.26,0.32,0.32,0.37,0.37,0.74,0.26,0.42,0.05,0.63,0.11,0.42,0.37,0.63,0.05,0.42,0.32,0.42,0.16,0.63,0.63,0.74,1
P537,0.57,0.38,0.43,0.57,0.52,0.57,0.76,0.57,0.38,0.52,0.48,0.76,0.33,0.1,0.38,0.86,0.43,0.52,0.33,0.86,0.57,0.76,0.76,0.67,0.81,0.9,0.19,0.19,0.33,0.19,0.43,0.1,0.33,0.62,0.62,0.1,0.19,0.38,0.57,0.24,0.19,0.33,0.33,0.24,0.38,0.1,0.24,0,0.48,0.86,1,0.57
P538,0.05,0.05,0.32,0.36,0.23,0.23,0.32,0.5,0.41,0,0.05,0.36,0.59,0.45,0.32,0.18,0.23,0.86,0.41,0.14,0.59,0.77,0.27,0.41,1,0.14,0.05,0.14,0.18,0.14,0.59,0.27,0.14,0.41,0,0.27,0.32,0.14,0.05,0.23,0.23,0,0.18,0.18,0.09,0.32,0.14,0.41,0.23,0.45,0.55,0.86
P539,0.46,0.54,0.85,0.31,0.15,1,0.46,0.69,0.69,0,0.62,0.54,0.85,0.85,0.38,0.77,1,0.38,0.38,0.54,0.38,0.54,0.77,0.85,0.46,0.46,0.15,0.62,0.46,0.15,0.38,0.46,0.38,0.15,0.46,0.54,0.38,0.77,0.08,0.23,0.46,0.15,0.08,0.46,0.46,0.31,0.46,0.31,0.38,0.77,0.62,0.46
P540,0.81,0.62,0.71,0.81,0.67,0.71,0.57,0.29,0.81,1,0.62,0.24,0.24,0.81,0.67,0.57,0.81,0.81,0.86,0.76,0.67,0.43,0.43,0.62,0.76,0.71,0.52,0.24,0.67,0.33,0,0.38,0.14,0.24,0.71,0.48,0.43,0.14,0.67,0.48,0.81,0.38,0.33,0.38,0.33,0.57,0.86,0.48,0.19,0.57,0.52,0.52
P541,0.44,0.78,0.11,0.61,0.39,0.39,0.33,0.39,0.56,0.28,0.72,0.44,0.28,0.39,0.33,0.89,0.06,1,0.39,0.33,0.67,0.67,0.56,0.67,0.28,0.28,0.22,0.28,0.22,0.56,0.33,0.39,0.61,0,0.56,0.17,0.39,0.61,0.06,0.56,0.28,0.44,0.11,0.5,0.22,0.44,0.11,0.44,0.28,0.56,0.78,0.89
P542,0.47,0.59,0.18,0.53,0.41,0.53,0.41,0.24,0.53,0.47,0.29,0.47,0.47,0.29,0.59,0.47,0.29,0.47,0.41,0.12,0.18,0.47,0.47,0.53,0.41,1,0.06,0.29,0.12,0.29,0.41,0.24,0,0.41,0.24,0.53,0.24,0.35,0.41,0.35,0.29,0.35,0.41,0.24,0.18,0.24,0.41,0.88,0.24,0.88,0.82,0.41
P543,0.38,0.15,0.92,0.38,0.15,0.85,0.85,0.46,0.23,0.69,0.54,0.62,0.62,0.77,0.31,0.77,1,0.46,0.85,0.54,0.54,0.69,0.54,0.92,0.77,0.85,0.08,0.54,0.23,0,0.54,0.46,0.46,0.15,0.23,0.62,0.08,0.08,0.54,0.23,0.54,0.69,0.54,0.23,0.85,0.15,0.31,0.23,0.62,0.31,0.38,0.38
P544,0.71,0.41,0.65,0.24,0.53,0.59,0.53,0.41,0.76,0.76,0.65,0.29,0.71,0.82,0.65,0.41,0.41,0.53,0.47,0.47,0.65,0.65,0.53,0.88,0.41,0.47,0.41,0.41,0.29,0.06,0.47,0.12,0.65,1,0.41,0.47,0.53,0.35,0,0.35,0.29,0.94,0.47,0.59,0.18,0.71,0.47,0.47,0.35,0.53,0.59,0.41
P545,0.29,0.29,0.38,0.33,0.29,0.71,0.48,0.9,0.19,0.71,0.29,0.86,0.19,0.24,0.62,0.52,0.57,1,0.24,0.67,0.76,0.57,0.57,0.95,0.67,0.81,0.29,0.05,0.62,0.29,0.29,0.19,0.19,0.14,0.43,0.14,0.19,0.43,0.38,0.1,0.33,0,0.33,0.52,0.29,0.19,0.24,0.33,0.24,0.62,0.52,0.71
P546,0.39,0.61,0.56,0.44,0.33,0.56,0.89,0.39,0.44,0.5,0.28,0.33,0.83,0.72,0.5,0.28,0.61,0.28,0.61,0.17,0.33,0.61,1,0.44,0.56,0.39,0.28,0.22,0.33,0.33,0.94,0.61,0.33,0.17,0,0.44,0.22,0.39,0.39,0.22,0.5,0.72,0.44,0.61,0.39,0.44,0.33,0.28,0.94,0.89,0.61,0.67
P547,0.38,0.15,0.54,0.08,0.38,1,0.38,0.38,0.69,1,0.54,0.54,0.85,0.38,0.54,1,0.23,0.38,0.77,0.77,0.38,0.46,0.23,0.46,0.69,0.92,0,0.62,0.15,0.46,0.38,0.38,0.23,0.15,0.69,0.46,0.31,0.23,0.62,0.46,0.08,0.31,0.38,0.23,0.54,0.69,0.54,0.31,0.08,0.69,0.46,0.77
P548,0.41,0.3,0.59,0.51,0.81,0.62,0.49,0.59,0.62,0.54,0.57,0.38,0.32,0.65,0.65,0.46,0.43,0.41,1,0.51,0.59,0.57,0.59,0.49,0.19,0.11,0.38,0.27,0.43,0.38,0.22,0.27,0.24,0.57,0.22,0,0.46,0.32,0.49,0.3,0.14,0.43,0.54,0.08,0.14,0.54,0.59,0.24,0.19,0.32,0.3,0.35
P549,0.65,0.42,0.85,0.54,0.58,0.46,0.69,0.92,0.85,1,0.85,0.77,0.62,0.62,0.69,0.77,0.5,0.65,1,0.77,0.69,0.88,0.58,0.77,0.5,0.62,0.08,0.23,0.35,0.5,0.27,0,0.65,0.04,0.62,0.19,0.08,0.38,0.35,0.62,0.04,0.65,0,0.65,0.08,0.62,0.5,0.58,0.46,0.27,0.46,0
P550,0.47,0.4,0.13,0.47,0.47,1,0.73,0.2,0.4,0.27,0.8,0.67,0.53,0.33,0.33,0.73,0.33,0.33,0.13,0.33,0.4,0.13,0,0.47,0.47,0.27,0.27,0.2,0.2,0.07,0.4,0.53,0.47,0.2,0.2,0.27,0.2,0.13,0.47,0.33,0.2,0.13,0.27,0.13,0.47,0.47,0.07,0.13,0.2,0.47,0.6,0.13
P551,0.15,0.38,0.69,0.54,0.46,0.38,1,0.46,0.62,0.31,0.54,0.38,0.46,0.54,0.92,0.77,0.15,0.77,0.54,0.31,1,0.54,0.54,0.38,0.69,0.23,0.54,0.38,0.08,0.38,0.46,1,0.23,0.54,0.77,0.62,0.08,0.46,0.54,0.15,0.15,0.46,0,0.23,0.69,0.46,0.38,0.62,0.38,0.46,0.46,0.31
P552,1,0.5,0.58,0.42,0.67,1,0.67,0.75,0.5,0.5,0.42,0.75,0.58,0.58,0.83,0.58,0.17,0.5,0.42,0.42,0.42,0.75,0.5,0.08,0.92,0.25,0.33,0.5,0.33,0.83,0.42,0.25,0.5,0,0.33,0.25,0.25,0.5,0.33,0.25,0.33,0.42,0.5,0.67,0.5,0.25,0.25,0.33,0.17,0.75,0.25,0.42
P554,0.64,0.23,1,0.82,0.55,0.5,0.41,0.59,0.32,0.32,0.95,0.59,0.36,0.09,0.55,0.55,0.5,0.36,0.05,0.32,0.5,0.55,0.32,0.41,0.55,0.59,0.23,0.09,0.36,0.23,0.64,0.18,0.36,0.14,0.09,0.32,0.41,0,0.45,0.23,0.45,0.27,0.14,0.09,0.41,0.32,0.14,0.18,0.14,0.55,0.55,0.27
P555,0.44,0.78,0.83,0.33,0.5,0.56,0.39,0.22,0.67,0.39,0.33,0.28,0.72,0.67,0.44,0.72,0.67,0.28,1,0.39,0.83,0.44,0.22,0.44,1,0.5,0.5,0.61,0.56,0.22,0.5,0.22,0.22,0.5,0.72,0.28,0.39,0.28,0.33,0.22,0,0.56,0.17,0.61,0.83,0.28,0.11,0.22,0.11,0.56,0.78,0.22
P556,0.35,0.19,0.77,0.35,0.27,0.19,0.23,0.15,0.31,0.19,0.46,0.65,0.62,0.38,0,0.38,0.54,1,0.08,0.69,0.35,0.27,0.92,0.54,0.69,0.42,0.15,0.46,0.35,0.15,0.19,0.12,0.31,0.23,0.04,0.04,0.38,0.23,0.35,0,0.31,0.19,0.31,0.46,0.19,0.19,0.19,0.27,0.31,0.38,0.54,0.88
P557,0.45,0.3,0.67,0.64,0.61,0.42,0.61,0.42,0.36,0.58,0.82,0.45,0.64,0.33,0.55,0.3,0.42,0.24,1,0.48,0.24,0.24,0.42,0.67,0.42,0.33,0.27,0.09,0.18,0.45,0.3,0.03,0.12,0.24,0.09,0.3,0.52,0.21,0.06,0.18,0.21,0.03,0.36,0.15,0.48,0.52,0.52,0.18,0,0.36,0.33,0.52
P558,0.63,0.31,0.63,0.5,0.69,0.19,0.19,0.69,0.56,0.25,0.25,0.5,0.81,0.31,0.5,0.44,0.63,0.63,0.75,0.44,0.88,0.19,0.63,0.63,0.75,0.5,0.19,0.38,0.25,0.06,0.56,0,0.69,0.44,0.13,0.75,0.38,0,0.38,0.25,0.25,0.19,0.06,0.56,0.38,0.63,0.06,0.19,0.38,0.25,0.63,1
P559,0.39,0.5,0,0.83,0.33,0.5,0.22,0.39,0.11,0.61,0.72,0.44,0.56,0.44,0.89,0.44,0.39,0.33,0.5,0.28,0.67,0.5,0.33,0.44,1,0.39,0.44,0.39,0.28,0.17,0.44,0.28,0.33,0.17,0.17,0.61,0.22,0.56,0.17,0.17,0.5,0.5,0.11,0.56,0.22,0.22,0.33,0.22,0.33,0.17,0.67,0.56
P560,0.4,0.4,0,0.27,0.53,0.33,0.47,0.53,0.53,0.4,0.53,0.87,0.47,0.73,0.4,0.47,0.6,0.6,0.4,0.27,0.67,0.47,1,0.8,0.2,0.73,0.07,0.27,0,0.27,0.13,0.13,0.53,0.07,0.67,0.47,0.27,0.47,0.47,0.4,0.47,0.73,0.27,0.33,0.4,0.33,0.53,0.6,0.27,0.4,0.47,0.8
P563,0.13,1,0.13,0.5,0.44,0.75,0.44,0.19,0.38,0.25,0.5,0.5,0.5,0.25,0.31,0.44,0.88,0.13,0.5,0.44,0.44,0.38,0.31,0.38,0.56,0.25,0.25,0.06,0.19,0,0,0.63,0.06,0.25,0.25,0.25,0.25,0.38,0.19,0.31,0.13,0.06,0.25,0.44,0.44,0.31,0.25,0.56,0.44,0.63,0.5,0.38
P564,0.41,0,0.18,0.23,0.09,0.27,0,0.36,0.32,0.41,0.36,0.36,0.45,0.41,0.14,0.41,0.32,0.09,0.18,0.32,1,0.27,0.23,0.27,0.23,0.05,0,0.18,0.14,0.14,0.05,0.18,0.14,0.14,0.23,0.5,0.27,0.23,0.55,0.18,0.41,0.14,0.09,0.23,0.32,0.23,0.27,0.05,0.05,0.05,0,0.27
P565,0.08,0.33,0.58,0.67,0.42,0.83,0.92,0.67,0.67,0.5,0.33,0.42,0.33,0.42,0.5,0.17,0.5,0.42,0.33,0.17,0.75,1,0.58,0.58,0.58,0.5,0,0.33,0.08,0.33,0.5,0.75,0.5,0.17,0.25,0.58,0.25,0.33,0.17,0.5,0.25,0.42,0.83,0.33,0.25,0.25,0.67,0.75,0.75,0.25,0.42,0.58
P566,0.74,0.83,0.65,0.74,0.57,0.26,0.43,0.61,0.48,0.48,0.61,1,0.65,0.74,0.35,0.65,0.91,0.48,0.43,0.65,0.43,0.48,0.43,0.26,0.7,0.52,0.39,0.48,0.04,0.7,0.52,0.35,0.61,0.35,0.39,0.43,0,0.61,0.43,0.65,0.22,0.26,0.57,0.04,0.35,0.52,0,0.57,0.65,0,0.3,0.78
P567,0.25,0.75,0,1,0.63,0.5,0,0.5,0.13,0.5,0.5,0.38,0.88,0.88,0.13,0.5,0.75,0.13,0.25,0,0.38,0.63,0.5,0.13,0.13,0.38,0.13,0.25,0.25,0.13,0,0.38,0.38,0.5,0.63,0.13,0.88,0.13,0.75,0.25,0.5,0.13,0.13,0.38,0.5,0.13,0.25,0.13,0.38,0.13,0,0.25
P586,0.42,0,0.17,0.33,0.5,0.5,0.42,0.08,0.08,0.5,0.33,0.17,0.17,0.17,0.92,0.08,0.33,0.5,0.17,0.5,0.25,0.67,0.42,0.58,0.92,1,0.33,0.17,0.42,0.25,0.42,0.17,0.17,0.5,0.25,0,0.08,0.25,0.17,0.17,0.42,0.5,0.08,0,0.33,0,0.42,0.25,0.17,0.25,0.83,0.75
P596,0.09,0.18,0.36,0.27,0.18,0.18,0.55,0.18,0.18,0.27,0.36,0.27,0.73,0.55,0.36,0.91,0.36,0.73,0.82,0.45,0.27,0.82,0.64,0.55,0.45,1,0.18,0.27,0,0.09,0,0.36,0.36,0.45,0.45,0.09,0.45,0.55,0.27,0.55,0.36,0,0.45,0.45,0.55,0.09,0.82,0.36,0.18,0.55,1,0.55
P598,0.35,0.17,0.17,0.57,0.35,0.52,0.35,0.3,0.43,0.43,0.39,0.48,0.74,0.39,0.61,0.61,0.52,0.52,0.52,0.83,0.39,0.39,0.65,0.7,0.61,1,0.26,0.26,0.3,0,0.17,0.22,0.35,0.3,0.3,0.13,0.26,0.61,0.57,0.48,0.22,0.26,0.43,0.52,0.43,0.43,0.43,0.48,0.52,0.61,0.74,0.83
P612,0.43,0.29,0.38,0.19,0.38,0.43,0.33,1,0.71,0.38,0.29,0.43,0.52,0.14,0.19,0.48,0.52,0.57,0.48,0.57,0.9,0.24,0.52,0.52,0.52,0.71,0.52,0,0.14,0.19,0.1,0.05,0.24,0.33,0.33,0.1,0.38,0,0.29,0.24,0.14,0.62,0.19,0.67,0.57,0.29,0.43,0.48,0.43,0.38,0.33,0.48
P613,0.29,0.51,0.11,0.26,0.43,0.2,0.29,0.31,0.71,0.66,0.37,0.69,0.37,0.26,0.6,0.34,0.34,0.43,0.34,0.54,0.34,0.63,0.6,0.71,1,0.66,0.03,0.26,0.23,0.26,0.17,0.2,0.14,0,0.14,0.49,0.23,0.6,0.26,0.26,0.31,0.31,0.46,0.51,0.37,0.49,0.49,0.46,0.6,0.43,0.74,0.63
P614,0.23,0.23,0.08,0.15,0.23,0.38,0.31,0.54,0.23,0.15,0.23,0.46,0.38,0.31,0.23,0.62,0.62,0.31,0.38,0.38,0.38,0.31,0.62,0.38,0.38,1,0.38,0.31,0,0.46,0.31,0.38,0.38,0.15,0.23,0.08,0.08,0.15,0.23,0.38,0.31,0.62,0.31,0,0.46,0.31,0.46,0.08,0.46,0.31,0.62,0.85
P615,0.15,0.13,0.21,0.23,0.21,0.21,0.46,0.62,0.1,0.41,0.33,0.33,0.59,0.46,0.33,0.46,0.33,0.46,0.28,0.28,0.67,0.54,0.36,0.41,1,0.56,0.08,0,0.05,0.33,0.13,0.15,0.1,0.15,0.18,0.23,0.21,0.38,0.13,0.33,0.15,0.23,0.38,0.62,0.46,0.28,0.28,0.49,0.46,0.51,0.59,0.72
P616,0.56,0.56,0.22,0.11,0.56,0.11,0.22,0.44,0.44,0.56,0.33,0,0.67,0.56,0.44,0.56,0.11,0.67,1,0.78,0.78,0.56,0.44,0.56,0.78,0.78,0.44,0.33,0.33,0.44,0.56,0.33,0.11,0.22,0,0.11,0.11,0.56,0.22,0.67,0.56,0.33,0.44,0,0.56,0.56,0.11,0.44,0.56,0.67,0.67,0.33
P617,0.53,0.44,0.65,0.82,0.62,0.62,0.24,0.76,0.47,0.47,0.74,0.82,0.53,0.29,0.26,0.76,0.41,0.41,0.62,0.41,0.53,0.62,0.38,0.21,0.44,0.12,0.18,0.12,0.18,0.29,0.26,0,0.18,0.26,0.47,0.26,0.5,0.59,1,0.41,0.21,0.21,0.12,0.18,0.32,0.5,0.44,0.41,0.47,0.41,0.03,0
P618,0.63,0.47,0.93,0.33,0.43,0.8,0.63,0.7,0.7,0.67,0.7,0.43,0.53,0.6,0.53,0.27,1,0.73,0.4,0.17,0.6,0.4,0.13,0.47,0.07,0.1,0.07,0.17,0.53,0.27,0.27,0.3,0.6,0.6,0.2,0.37,0.4,0.6,0.6,0.03,0,0.33,0.27,0.6,0.43,0.47,0.8,0.23,0.4,0.57,0.07,0.4
P619,0.58,0.36,0.36,0.67,0.67,0.52,0.55,0.24,0.64,0.45,0.79,0.42,0.09,0.55,0.73,0.39,1,0.3,0.55,0.27,0.3,0.24,0.42,0.52,0.24,0.06,0.39,0.61,0.12,0.39,0.18,0.79,0.36,0.82,0.24,0.27,0.39,0.45,0.18,0.06,0.33,0.52,0.27,0.06,0.33,0.45,0.36,0.42,0.18,0.52,0,0.09
P620,0.52,0.35,0.78,0.43,0.65,0.87,0.39,0.39,0.48,0.57,0.83,0.78,0.87,0.48,0.91,0.57,1,0.43,0.52,0.83,0.7,0.35,0.83,0.74,0.7,0.3,0.13,0.17,0.35,0.52,0.43,0.22,0.48,0.26,0.26,0.35,0.22,0.7,0.48,0.65,0.22,0.09,0.52,0.74,0.35,0.26,0.35,0.65,0.35,0.78,0.52,0
P621,0.33,0.37,0.28,0.48,0.43,0.24,0.48,1,0.5,0.5,0.48,0.39,0.37,0.43,0.41,0.41,0.78,0.33,0.46,0.74,0.35,0.24,0.41,0.28,0.22,0.28,0.09,0.07,0.09,0.2,0.67,0.41,0.37,0.22,0.22,0.3,0.22,0,0.48,0.59,0.39,0.22,0.13,0.22,0.46,0.57,0.26,0.41,0.24,0.33,0.2,0.3
P622,0.37,0.52,0.74,0.78,0.78,0.67,0.67,0.67,0.26,0.85,0.56,0.48,0.22,0.63,1,0.81,0.59,0.44,0.41,0.63,0.41,0.56,0.56,0.41,0.19,0.52,0.37,0.3,0.81,0.15,0.15,0.15,0.07,0.85,0.59,0.59,0.3,0.22,0.48,0.81,0.67,0.67,0.22,0,0.78,0.44,0.74,0.07,0.67,0.78,0.3,0.22
P623,0.74,0.33,0.67,0.67,0.63,0.78,0.56,0.41,0.85,0.48,0.7,0.7,0.44,0.63,0.26,0.37,0.89,0.44,0.78,0.44,1,0.63,0.52,0.44,0.41,0.26,0.26,0.3,0.3,0.26,0.63,0.22,0.33,0.33,0.96,0.93,0.15,0.63,0.48,0.56,0.63,0.26,0.81,0.93,0.67,0.59,0.52,0,0.3,0.63,0.41,0.19
P624,0.2,0.53,0.73,0.27,0.67,0.53,0.87,1,0.47,0.73,0.6,0.6,0.4,0.47,0.67,0,0.4,0.73,0.47,0.6,0.2,0.53,0.6,0.27,0.33,0.6,0.6,0.67,0.33,0.27,0.4,0.4,0.6,0.27,0.2,0.4,0.4,0.33,0.4,0.53,0.27,0.73,0.53,0.4,0.4,0.6,0.07,0.4,0.27,0.27,0.53,0.13
P625,0.57,0.21,0.57,0.86,0.29,0.64,0.36,0.21,0.36,1,1,0.57,0.21,0,0.57,0.79,0.64,0.64,0.71,0.64,0.21,0.43,0.29,0.5,0,0.29,0.21,0.5,0.21,0.43,0.79,0.29,0.36,0.64,0.14,0.36,0.57,0.57,0.43,0.64,0.21,0.29,0.57,0.86,0.36,0.29,0.64,0.21,0.43,0.21,0.29,0.5
P626,0.43,0.14,0.29,0.64,0.36,0.86,0.5,0.07,0.29,0.57,0.57,0.43,0.64,0.21,0.5,0.14,0.36,0.36,0.36,0.21,0.07,0.29,0.36,0.29,0.43,0.21,0.29,0.36,0.14,0,0.21,0.07,0.14,0.29,0.79,0,0.36,0.14,1,0.14,0.21,0.29,0.21,0.57,0.36,0.43,0.36,0.43,0.64,0.5,0.29,0.5
P627,0.57,0.5,0.57,0.36,0.5,0.29,0.29,0.57,0.64,0.64,0.57,0.5,0.5,0.57,0.07,0.14,0.29,0.71,0.57,0.64,0.43,0.57,0.14,0.36,0.21,0.29,0.07,0.14,1,0.07,0.21,0.21,0.57,0.5,0.36,0.07,0.14,0.5,0.14,0.36,0,0.43,0.21,0.71,0.14,0.71,0.57,0.64,0.57,0.29,1,0.57
P628,0.36,0.27,0.91,0.55,0.73,0.18,1,0.64,0.36,0.09,0.36,0.82,1,0.55,0.36,0.64,0.55,0.45,0.73,0.18,0,0.45,0.36,0.82,0.45,0.45,0.45,0.73,0.82,0.55,0.55,0.09,0.27,0.64,0.55,0.55,0,0.91,0.27,0.27,0.55,0.45,0.82,0.45,0.09,0.27,0.36,0.27,0.91,0.45,0.55,0.45
P629,0.47,0.4,0.53,0.6,0.2,0.53,0.27,1,0.33,0.8,0.2,0.07,0.2,0.6,0.4,0.4,0.53,0.73,0.47,0.2,0.53,0.53,0.33,0.27,0.93,0,0.33,0.07,0.27,0.47,0.33,0.53,0.27,0.73,0.93,0.73,0.33,0.6,0.4,0.27,0.07,0.2,0.33,0.27,0.2,0.8,0,0.47,0.6,0.13,0.53,0.33
P630,0.35,0.35,0.22,0.39,1,0.09,0.09,0.65,0.43,0.26,0.13,0.3,0.26,0.48,0.3,0.22,0.39,0.13,0,0.39,0.17,0.22,0.22,0.09,0.26,0.17,0.04,0.17,0.17,0.22,0.35,0.17,0.35,0.13,0.43,0.09,0.13,0.35,0.17,0.04,0.48,0.09,0.09,0.39,0.17,0,0.09,0.17,0.35,0.22,0.22,0.13
P631,0.38,0.13,0.69,0.75,0.63,0.19,0.5,0.56,0.56,1,0.69,0.69,0.81,0.31,0.44,0.31,1,0.69,0.25,0.25,0.69,0.44,0.44,0.25,0.31,0.31,0.25,0.56,0.63,0,0.44,0.31,0.19,0.06,0.44,0.38,0.88,0.63,0.25,0.19,0.44,0.06,0.13,0.44,0.5,0.25,0.5,0.38,0.19,0.31,0.25,0.38
P632,0.63,0.5,0.69,0.38,0.5,0.69,0.31,0.31,0.06,0.06,0.44,0.75,0.44,0.38,0.63,0.69,0.75,0.63,0.5,0.81,0.38,0.25,0.63,1,0.5,0.94,0,0.25,0.25,0.31,0.13,0.19,0.69,0.56,0.44,0.44,0.44,0.5,0.25,0.38,0.31,0.44,0.19,0.25,0.31,0.38,0.19,0.56,0.44,0.31,0.38,0.38
P633,0.08,0.23,0.92,0.92,0.54,0.62,0.31,0.08,0.38,0.62,0.23,0.23,0.38,0.85,0.54,0.62,0.69,0.92,0.54,0.54,0.38,0.46,0.62,1,0.69,0.54,0.38,0.31,0,0.46,0.08,0.31,0.38,0.08,0.15,0.46,0.08,0.23,0.23,0.08,0.85,0.31,0,0.08,0.54,0.38,0.38,0.31,0.38,0.54,0.15,0.69
P634,0.31,0.44,0.75,0.56,0.63,0.69,0.5,0.44,0.56,0.5,0.94,0.81,0.69,0.69,0.94,0.56,0.38,0.88,0.75,0.88,0.69,0.5,0.38,0.75,1,0.63,0.56,0.56,0.75,0.44,0.38,0.69,0.38,0,0.69,0.44,0.38,0.5,0.25,0.56,0.5,0.19,0.31,0.56,0.63,0.88,0.13,0.38,0.44,0.69,0.63,0.44
P635,0.85,0.38,0.62,0.54,0.23,0.46,0.92,0.77,0.85,0.46,0.85,0.77,0.77,0.23,1,0.38,0.62,0.15,0.31,0.38,0.31,0.46,0.15,0.23,0.62,0.69,0.38,0.31,0.38,0.08,0.54,0.62,0.38,0.69,1,0.38,0.62,0.38,0.38,0.62,0.23,0.31,0.15,0.38,0.23,0.31,0.31,0.08,0,0.15,0.38,0.31
P636,0.19,0.75,0.38,0.69,0.94,0.25,0.5,0.38,0.69,0.31,0.5,0.25,0.75,0.38,0.63,1,0.56,1,0.56,0.38,0.81,0.81,0.56,0.69,0.63,0.25,0.31,0.69,0.38,0.5,0.38,0.25,0.44,0.31,0,0.63,0.31,0.63,0.38,0.38,0.38,0.69,0.19,0.69,0.69,0.81,0.81,0.31,0.63,0.44,0.63,0.69
P637,0.13,0.38,0.25,0.75,0.38,0.38,0.38,0.5,0.13,0.13,0.13,0,0.13,0.5,0.25,0.13,0.63,0.38,0.38,1,0.63,0.38,0.13,0.25,0.63,0.63,0.25,0.38,0.75,0.75,0.5,0.38,0.25,0,0.5,0.25,0.25,0.63,0.13,0.5,0.75,0.13,0.75,0.63,0.25,0.75,0.5,0.38,0.5,0.5,0.63,0.25
P638,0.46,0.13,0.25,0.58,0.71,0.17,0.13,0.33,0.38,0.46,0.33,0.46,0.75,0.46,0.17,0.21,0.38,0.5,0.38,0.58,0.5,0.33,1,0.46,0.88,0.67,0.17,0.17,0,0,0.04,0.25,0.21,0.21,0.13,0.33,0.13,0.17,0.33,0,0.21,0.08,0.67,0.54,0.21,0.58,0.25,0.42,0.46,0.63,0.67,0.67
P640,0.23,0.46,0.27,0.12,0.08,0.46,0.38,0.15,0.38,0.12,0.35,0.38,0.19,0.62,0.12,0.38,0.5,0.15,0.23,0.54,0.27,0.54,0.46,0.5,1,0.69,0.19,0.12,0.12,0.31,0.31,0.12,0.04,0.27,0.42,0.23,0.46,0.38,0.35,0.42,0,0.27,0.35,0.19,0.08,0.46,0.42,0.27,0.38,0.54,0.69,0.38
P674,0.11,0.11,0.33,0.28,0,0.22,0.17,0.06,0.06,0.33,0.22,0.06,0.06,0.22,0,0.28,0.17,0.22,0.17,0.33,0.22,0.11,0.44,0.39,0.22,0.72,0.28,0,0.06,0.28,0.28,0.06,0.33,0.28,0.56,0.28,0.39,0.28,0.56,0.39,0.61,0.17,0.22,0.56,0.28,0.56,0.44,0.39,0.72,0.39,0.56,1
P702,0.13,0,0.19,0.19,0.19,0.31,0.38,0.25,0.25,0.25,0.38,0.25,0.31,0.38,0.31,0.25,0.5,0.06,0.13,0.19,0.25,0.25,0.38,0.31,0.38,0.63,0.19,0.25,0.19,0.06,0.44,0.75,0.25,0.31,0.19,0.19,0.19,0.19,0.31,0.44,0.31,0.13,0.06,0.31,0.63,0.13,0.31,0.56,0.19,0.44,0.5,1
P745,0,0.8,0.4,0,0,0,0.2,0.5,0.2,0.2,0.2,0.2,0,0.1,0.4,0.1,0.3,0.6,0.1,0.1,0.2,0.8,0,0.6,0.7,1,0.2,0.2,0.2,0.2,0.4,0,0.1,0.2,0.7,0.4,0.4,0.2,0.4,0,0.6,0.2,0.2,0.3,0.4,0.3,0.4,0.7,1,0.7,0.3,0.4
P781,0,0.19,0.29,0.29,0.33,0.38,0.24,0.29,0.29,0.48,0.48,0.33,0.19,0.33,0.48,0.62,0.43,0.52,0.1,0.43,0.67,0.48,0.67,0.76,0.86,0.43,0.05,0.1,0.29,0.38,0.19,0.05,0.05,0.05,0.05,0.14,0.29,0.1,0.48,0.29,0.81,0.52,0.33,0.1,0.48,0.14,0.1,0.52,0.52,0.38,0.52,1
P783,0.48,0.35,0.13,0.52,0.61,0.22,0.48,0.39,0.57,0.78,0.35,0,0.43,0.78,0.48,0.48,0.35,0.22,0.39,0.35,0.35,0.26,0.39,0.39,1,0.65,0.3,0,0.17,0.43,0.52,0.3,0.39,0.26,0.43,0.35,0,0.57,0.48,0.3,0.39,0.17,0.13,0.39,0.3,0.22,0.35,0.26,0.57,0.35,0.87,0.91
P784,0.29,0,0.14,0,0.29,0.43,0.29,0.43,0,0.43,0,0,0,0.43,0.43,0.71,0.57,0.57,0.57,0.57,0.29,0.43,0.29,0.14,0.43,0.86,0.29,0.29,0.14,0,0.14,0.29,0.14,0,0.57,0.43,0.29,0.29,0.43,0,0.43,0.43,0.43,0.57,0.14,0.71,0.29,0.86,0,0.57,1,0.43
P789,0.11,0,0,0.56,0,0.33,0.11,0.33,0.44,0,0,0.22,0,0.22,0.22,0.22,0.11,0.56,0.22,0.33,0.44,0.33,0.33,0,0.89,0.44,0.22,0,0,0.11,0.11,0.22,0.11,0.33,0.11,0,0,0,0.22,0.11,0.11,0.22,0,0,0.11,0.56,0.33,1,0.22,0.78,0.33,0.78
P791,0.18,0.09,0.18,0,0.36,0.36,0.36,0.45,0.36,0.18,0.27,0,0.27,0.18,0.18,0.64,0.27,0.73,0.27,0.45,0.27,0.45,0.55,0.45,0.91,0.64,0.09,0.55,0.36,0.09,0.27,0.09,0,0.18,0,0.36,0.18,0.18,0.09,0.27,0,0.55,0.18,0.55,0.09,0.36,0.36,0.18,0.18,1,0.36,1
P806,0.22,0.33,0.56,0.22,0.56,0,0.56,0.22,0.33,0.56,0.11,0,0.22,0.44,0.33,0.33,0.11,0.22,0.11,0,0,0.67,0.22,0.44,0.78,0.56,0,0.22,0.11,0.11,0.22,0.67,0.11,0.11,0.22,0.67,0.22,0.56,0,0.11,0.44,0.67,0.67,0.33,0.56,0.44,0.33,0.78,0.33,1,0.67,0.67
